f,alpha,c,U_infinity,delta,SSPL
1250,12.6,0.1524,71.3,0.0483159,120.154
1000,2.0,0.2286,71.3,0.00293031,128.95600000000002
8000,4.8,0.0254,39.6,0.000907475,131.346
4000,0.0,0.3048,71.3,0.00266337,123.061
2000,11.2,0.0508,71.3,0.014072,133.311
6300,7.3,0.2286,71.3,0.010440399999999999,115.818
5000,2.7,0.1524,71.3,0.00243851,124.36399999999999
3150,3.0,0.3048,31.7,0.00529514,118.10799999999999
1600,4.0,0.3048,39.6,0.00579636,123.213
5000,4.2,0.0508,39.6,0.00152689,129.77700000000002
2000,0.0,0.2286,31.7,0.0027238,123.455
400,2.0,0.2286,31.7,0.00372371,123.417
8000,0.0,0.1016,39.6,0.00146332,122.34100000000001
10000,0.0,0.1016,55.5,0.00131983,121.93
1600,9.9,0.1524,39.6,0.0233328,118.545
800,0.0,0.2286,31.7,0.0027238,130.725
4000,4.8,0.0254,39.6,0.000907475,134.996
1000,4.0,0.3048,71.3,0.00497773,131.015
8000,0.0,0.1524,55.5,0.00172668,121.90299999999999
800,4.8,0.0254,31.7,0.0009307889999999999,122.648
4000,2.0,0.2286,31.7,0.00372371,120.527
1000,6.7,0.1016,31.7,0.00592927,131.636
10000,0.0,0.1524,55.5,0.00172668,119.25299999999999
5000,4.8,0.0254,31.7,0.0009307889999999999,135.248
1250,5.4,0.1524,31.7,0.00525474,123.991
1250,12.3,0.1016,55.5,0.0368233,124.214
2500,12.7,0.0254,71.3,0.012180799999999999,134.058
630,5.4,0.1524,39.6,0.00485029,132.357
400,3.0,0.3048,31.7,0.00529514,125.398
630,9.9,0.1524,55.5,0.0208438,127.315
800,1.5,0.3048,39.6,0.00392107,128.83100000000002
4000,9.5,0.0254,71.3,0.00420654,134.236
800,12.7,0.0254,71.3,0.012180799999999999,130.34799999999998
630,7.3,0.2286,71.3,0.010440399999999999,133.768
800,12.6,0.1524,71.3,0.0483159,123.054
3150,9.5,0.0254,39.6,0.00449821,129.934
1000,6.7,0.1016,71.3,0.00478288,136.75799999999998
5000,0.0,0.1524,71.3,0.0015988,126.45700000000001
3150,7.3,0.2286,71.3,0.010440399999999999,120.458
5000,3.3,0.1016,55.5,0.002211,124.839
4000,7.3,0.2286,71.3,0.010440399999999999,119.208
4000,12.3,0.1016,71.3,0.033779199999999995,118.01799999999999
500,0.0,0.1524,31.7,0.00209405,121.617
1250,3.3,0.1016,71.3,0.00202822,132.304
315,9.9,0.1524,39.6,0.0233328,128.595
315,0.0,0.2286,55.5,0.00229336,119.54
1000,2.7,0.1524,71.3,0.00243851,128.774
6300,9.5,0.0254,71.3,0.00420654,127.24600000000001
2500,15.4,0.0508,39.6,0.0282593,122.413
4000,9.5,0.0254,39.6,0.00449821,127.86399999999999
500,4.8,0.0254,31.7,0.0009307889999999999,116.12799999999999
400,17.4,0.0254,39.6,0.0172206,115.444
6300,8.9,0.1016,39.6,0.012459600000000001,113.11
1000,12.7,0.0254,71.3,0.012180799999999999,131.69799999999998
1600,5.3,0.2286,39.6,0.00614329,123.081
200,17.4,0.0254,31.7,0.017663099999999998,116.146
1000,9.9,0.1524,55.5,0.0208438,124.665
1000,5.3,0.2286,39.6,0.00614329,125.581
10000,3.3,0.1016,39.6,0.00245138,115.321
2500,1.5,0.3048,39.6,0.00392107,120.98100000000001
2000,12.3,0.1016,39.6,0.0408268,114.085
400,8.4,0.0508,55.5,0.00544854,121.58200000000001
400,4.0,0.3048,39.6,0.00579636,128.63299999999998
630,2.0,0.2286,71.3,0.00293031,127.35600000000001
8000,2.0,0.2286,71.3,0.00293031,115.99600000000001
2500,0.0,0.0508,55.5,0.00076193,133.95600000000002
800,22.2,0.0254,71.3,0.0214178,123.227
5000,4.8,0.0254,55.5,0.000873218,135.484
1600,0.0,0.3048,71.3,0.00266337,127.59100000000001
400,22.2,0.0254,71.3,0.0214178,117.927
10000,0.0,0.3048,39.6,0.00310138,112.139
4000,9.5,0.0254,31.7,0.00461377,126.736
2000,12.7,0.0254,71.3,0.012180799999999999,134.22799999999998
400,9.9,0.1524,71.3,0.019300099999999997,135.079
400,9.9,0.1524,39.6,0.0233328,128.345
400,5.4,0.1524,71.3,0.00401199,124.12100000000001
1250,5.4,0.1524,55.5,0.00433288,130.77700000000002
1600,5.4,0.1524,71.3,0.00401199,133.241
315,15.4,0.0508,71.3,0.0264269,126.195
6300,3.0,0.3048,31.7,0.00529514,109.71799999999999
5000,9.5,0.0254,71.3,0.00420654,131.186
4000,2.7,0.1524,39.6,0.00294804,121.889
10000,0.0,0.3048,55.5,0.00283081,113.07600000000001
2000,0.0,0.0254,31.7,0.000439472,130.697
315,0.0,0.2286,31.7,0.0027238,120.595
5000,15.4,0.0508,55.5,0.0271925,117.11
10000,7.2,0.1524,71.3,0.00752039,110.31299999999999
800,12.3,0.1016,71.3,0.033779199999999995,127.318
200,17.4,0.0254,55.5,0.016570599999999998,109.95100000000001
3150,3.0,0.3048,71.3,0.00425727,121.514
2500,0.0,0.0254,55.5,0.00041229,130.07299999999998
3150,0.0,0.3048,71.3,0.00266337,125.20100000000001
2500,15.4,0.0508,31.7,0.028985300000000002,119.945
2500,8.9,0.1016,71.3,0.0103088,123.62299999999999
1250,15.4,0.0508,39.6,0.0282593,126.743
1000,0.0,0.0508,71.3,0.000740478,129.45
1000,7.3,0.2286,55.5,0.011170600000000001,125.194
400,6.7,0.1016,39.6,0.00578076,128.295
200,12.3,0.1016,71.3,0.033779199999999995,130.588
2500,0.0,0.0508,71.3,0.000740478,131.31
6300,7.3,0.2286,31.7,0.0132672,110.689
1000,3.3,0.1016,55.5,0.002211,131.129
1000,6.7,0.1016,39.6,0.00578076,134.515
8000,3.0,0.3048,39.6,0.00495741,110.652
6300,15.4,0.0508,71.3,0.0264269,115.215
10000,0.0,0.0254,31.7,0.000439472,134.227
2000,4.0,0.3048,71.3,0.00497773,124.395
1000,11.2,0.0508,71.3,0.014072,136.941
1000,12.3,0.1016,55.5,0.0368233,125.484
1250,8.4,0.0508,39.6,0.00566229,131.205
800,6.7,0.1016,39.6,0.00578076,134.625
10000,0.0,0.1016,31.7,0.00150092,115.89299999999999
2000,5.3,0.2286,71.3,0.0051942,125.89
4000,15.4,0.0508,55.5,0.0271925,120.92
1600,8.4,0.0508,31.7,0.00580776,129.296
6300,0.0,0.0254,31.7,0.000439472,138.537
1250,15.4,0.0508,31.7,0.028985300000000002,123.255
1600,12.3,0.1016,55.5,0.0368233,121.824
400,8.4,0.0508,39.6,0.00566229,120.015
315,9.9,0.1524,55.5,0.0208438,132.355
8000,0.0,0.3048,55.5,0.00283081,116.476
2000,8.4,0.0508,31.7,0.00580776,127.686
250,8.9,0.1016,39.6,0.012459600000000001,134.34
630,9.9,0.1524,71.3,0.019300099999999997,129.889
500,7.3,0.2286,31.7,0.0132672,128.16899999999998
1600,2.7,0.1524,39.6,0.00294804,130.049
2000,17.4,0.0254,55.5,0.016570599999999998,125.26100000000001
630,8.9,0.1016,71.3,0.0103088,138.423
315,12.3,0.1016,31.7,0.0418756,124.71700000000001
1600,7.3,0.2286,31.7,0.0132672,119.039
1250,22.2,0.0254,71.3,0.0214178,140.987
8000,0.0,0.3048,31.7,0.00331266,110.515
500,1.5,0.3048,39.6,0.00392107,126.661
6300,5.3,0.2286,71.3,0.0051942,116.92
2000,5.4,0.1524,71.3,0.00401199,131.111
400,6.7,0.1016,31.7,0.00592927,128.296
12500,0.0,0.0254,31.7,0.000439472,128.977
630,5.4,0.1524,31.7,0.00525474,131.471
250,17.4,0.0254,39.6,0.0172206,114.714
2500,0.0,0.2286,71.3,0.00214345,128.35399999999998
1600,4.8,0.0254,31.7,0.0009307889999999999,128.718
4000,0.0,0.3048,55.5,0.00283081,121.10600000000001
4000,0.0,0.2286,31.7,0.0027238,122.035
1600,9.5,0.0254,71.3,0.00420654,133.756
1600,11.2,0.0508,71.3,0.014072,135.191
500,12.3,0.1016,39.6,0.0408268,122.205
3150,3.3,0.1016,39.6,0.00245138,128.401
5000,9.9,0.1524,71.3,0.019300099999999997,114.569
800,12.6,0.1524,39.6,0.058411300000000006,116.56
6300,7.3,0.2286,39.6,0.0123481,110.839
5000,0.0,0.1016,71.3,0.00121072,130.795
6300,12.3,0.1016,31.7,0.0418756,107.26700000000001
4000,3.0,0.3048,31.7,0.00529514,115.60799999999999
2000,9.5,0.0254,39.6,0.00449821,131.274
250,9.9,0.1524,71.3,0.019300099999999997,135.329
6300,4.8,0.0254,71.3,0.000848633,134.498
200,9.9,0.1524,31.7,0.0252785,127.29899999999999
200,12.3,0.1016,55.5,0.0368233,132.304
630,2.0,0.2286,39.6,0.00346574,127.417
630,3.0,0.3048,55.5,0.00452492,129.569
1250,6.7,0.1016,39.6,0.00578076,132.395
1250,3.0,0.3048,39.6,0.00495741,125.802
500,12.6,0.1524,39.6,0.058411300000000006,114.9
3150,0.0,0.1016,39.6,0.00146332,130.961
3150,1.5,0.3048,71.3,0.00336729,123.39200000000001
6300,5.4,0.1524,55.5,0.00433288,117.287
2000,5.4,0.1524,39.6,0.00485029,124.647
400,4.0,0.3048,71.3,0.00497773,129.575
5000,0.0,0.1524,55.5,0.00172668,125.20299999999999
1600,22.2,0.0254,71.3,0.0214178,131.817
4000,0.0,0.1524,39.6,0.00193287,125.34299999999999
6300,2.7,0.1524,71.3,0.00243851,121.944
1600,7.3,0.2286,55.5,0.011170600000000001,123.354
2500,3.0,0.3048,31.7,0.00529514,119.598
1250,8.4,0.0508,55.5,0.00544854,132.252
400,9.9,0.1524,55.5,0.0208438,131.605
6300,0.0,0.1524,31.7,0.00209405,119.73700000000001
3150,11.2,0.0508,71.3,0.014072,127.141
1600,4.2,0.0508,39.6,0.00152689,130.197
1600,2.7,0.1524,71.3,0.00243851,130.644
3150,0.0,0.1524,31.7,0.00209405,124.20700000000001
12500,0.0,0.0254,55.5,0.00041229,131.453
630,6.7,0.1016,55.5,0.0052139,133.023
315,19.7,0.0508,39.6,0.036483999999999996,129.864
800,0.0,0.3048,31.7,0.00331266,129.235
10000,3.0,0.3048,55.5,0.00452492,112.169
800,7.2,0.1524,71.3,0.00752039,136.023
200,15.6,0.1016,39.6,0.0528487,123.514
630,3.0,0.3048,71.3,0.00425727,129.35399999999998
500,3.0,0.3048,31.7,0.00529514,127.54799999999999
4000,3.0,0.3048,55.5,0.00452492,118.689
1250,4.0,0.2286,39.6,0.00473801,128.339
1600,9.5,0.0254,55.5,0.0043284,133.062
1600,4.8,0.0254,39.6,0.000907475,125.96600000000001
250,15.4,0.0508,31.7,0.028985300000000002,121.225
2000,4.2,0.0508,71.3,0.00142788,129.84799999999998
6300,22.2,0.0254,71.3,0.0214178,123.12700000000001
2000,7.3,0.2286,31.7,0.0132672,115.309
250,9.5,0.0254,39.6,0.00449821,116.92399999999999
1000,17.4,0.0254,39.6,0.0172206,138.274
4000,4.0,0.2286,71.3,0.00400603,121.728
400,17.4,0.0254,55.5,0.016570599999999998,115.461
800,8.4,0.0508,71.3,0.00529514,127.556
8000,5.3,0.2286,71.3,0.0051942,114.9
1000,0.0,0.3048,55.5,0.00283081,126.96600000000001
630,7.2,0.1524,39.6,0.00909175,133.19799999999998
400,2.0,0.2286,39.6,0.00346574,122.147
400,15.4,0.0508,39.6,0.0282593,125.353
1250,9.9,0.1524,71.3,0.019300099999999997,122.679
1600,0.0,0.2286,31.7,0.0027238,125.625
400,5.3,0.2286,71.3,0.0051942,127.7
4000,3.3,0.1016,71.3,0.00202822,128.704
1000,2.0,0.2286,31.7,0.00372371,130.30700000000002
6300,7.2,0.1524,71.3,0.00752039,116.603
630,9.9,0.1524,39.6,0.0233328,126.465
800,2.0,0.2286,71.3,0.00293031,128.216
800,9.5,0.0254,71.3,0.00420654,127.206
800,9.9,0.1524,39.6,0.0233328,126.345
400,11.2,0.0508,39.6,0.015047799999999998,130.67
2500,9.9,0.1524,31.7,0.0252785,114.729
1600,3.3,0.1016,31.7,0.00251435,133.40200000000002
250,8.9,0.1016,71.3,0.0103088,134.533
3150,0.0,0.0508,31.7,0.000812164,135.49
800,0.0,0.1016,39.6,0.00146332,128.401
2000,22.2,0.0254,39.6,0.022902799999999997,121.256
1250,0.0,0.2286,39.6,0.00253511,129.395
5000,12.3,0.1016,71.3,0.033779199999999995,116.10799999999999
500,6.7,0.1016,39.6,0.00578076,130.955
1000,0.0,0.1524,71.3,0.0015988,127.307
2000,3.0,0.3048,39.6,0.00495741,120.53200000000001
8000,0.0,0.0508,55.5,0.00076193,130.156
3150,9.5,0.0254,71.3,0.00420654,136.166
3150,4.0,0.2286,71.3,0.00400603,124.10799999999999
2500,4.0,0.2286,31.7,0.00509068,120.209
250,12.3,0.1016,71.3,0.033779199999999995,131.56799999999998
630,7.3,0.2286,31.7,0.0132672,126.189
4000,12.6,0.1524,71.3,0.0483159,108.03399999999999
8000,0.0,0.0254,55.5,0.00041229,136.16299999999998
315,5.4,0.1524,39.6,0.00485029,125.34700000000001
3150,4.2,0.0508,39.6,0.00152689,133.58700000000002
630,15.6,0.1016,39.6,0.0528487,118.084
1250,0.0,0.0508,39.6,0.000791822,129.148
1000,7.2,0.1524,39.6,0.00909175,128.338
5000,8.4,0.0508,55.5,0.00544854,115.81200000000001
1000,7.3,0.2286,71.3,0.010440399999999999,126.838
800,0.0,0.0508,39.6,0.000791822,126.508
200,7.3,0.2286,55.5,0.011170600000000001,135.234
400,3.0,0.3048,55.5,0.00452492,126.15899999999999
2500,4.0,0.2286,55.5,0.0042861999999999996,122.384
2500,19.7,0.0508,71.3,0.034118300000000004,118.385
4000,0.0,0.1524,55.5,0.00172668,127.23299999999999
800,0.0,0.1524,39.6,0.00193287,127.90299999999999
8000,0.0,0.0508,39.6,0.000791822,128.518
4000,2.0,0.2286,39.6,0.00346574,120.227
4000,8.4,0.0508,71.3,0.00529514,126.926
630,17.4,0.0254,55.5,0.016570599999999998,122.411
1600,15.6,0.1016,71.3,0.0437259,121.52799999999999
1600,15.4,0.0508,39.6,0.0282593,124.84299999999999
2500,15.4,0.0508,55.5,0.0271925,125.63
800,5.4,0.1524,71.3,0.00401199,131.281
10000,12.7,0.0254,71.3,0.012180799999999999,114.41799999999999
1600,2.0,0.2286,71.3,0.00293031,127.796
10000,7.2,0.1524,39.6,0.00909175,110.868
400,2.0,0.2286,71.3,0.00293031,125.116
630,0.0,0.1016,39.6,0.00146332,125.40100000000001
4000,0.0,0.2286,39.6,0.00253511,123.465
6300,0.0,0.3048,71.3,0.00266337,119.541
200,9.9,0.1524,39.6,0.0233328,127.315
1250,7.3,0.2286,39.6,0.0123481,123.189
800,0.0,0.1524,71.3,0.0015988,125.81700000000001
16000,1.5,0.3048,71.3,0.00336729,106.58200000000001
800,9.9,0.1524,31.7,0.0252785,125.539
500,8.4,0.0508,39.6,0.00566229,122.905
5000,5.3,0.2286,39.6,0.00614329,115.311
3150,0.0,0.0254,55.5,0.00041229,130.503
400,5.4,0.1524,31.7,0.00525474,127.781
6300,3.0,0.3048,71.3,0.00425727,116.134
10000,0.0,0.1524,71.3,0.0015988,120.24700000000001
5000,5.4,0.1524,31.7,0.00525474,115.691
3150,0.0,0.3048,55.5,0.00283081,123.236
2000,1.5,0.3048,71.3,0.00336729,126.64200000000001
1250,5.4,0.1524,71.3,0.00401199,134.111
8000,3.3,0.1016,31.7,0.00251435,117.432
1000,7.3,0.2286,31.7,0.0132672,119.09899999999999
250,7.3,0.2286,55.5,0.011170600000000001,136.384
800,0.0,0.0508,71.3,0.000740478,130.96
1000,7.3,0.2286,39.6,0.0123481,122.539
5000,0.0,0.3048,71.3,0.00266337,121.301
500,9.5,0.0254,31.7,0.00461377,126.88600000000001
200,9.5,0.0254,39.6,0.00449821,116.074
800,7.3,0.2286,71.3,0.010440399999999999,130.748
4000,11.2,0.0508,39.6,0.015047799999999998,115.52
12500,4.8,0.0254,55.5,0.000873218,125.094
250,15.6,0.1016,71.3,0.0437259,132.158
8000,17.4,0.0254,71.3,0.016104,115.46600000000001
3150,22.2,0.0254,39.6,0.022902799999999997,120.85600000000001
16000,0.0,0.0254,71.3,0.00040068199999999997,130.477
3150,0.0,0.3048,39.6,0.00310138,120.319
200,19.7,0.0508,71.3,0.034118300000000004,118.005
630,12.6,0.1524,39.6,0.058411300000000006,116.55
315,15.4,0.0508,55.5,0.0271925,125.39
1000,4.0,0.2286,71.3,0.00400603,131.708
500,0.0,0.3048,39.6,0.00310138,126.959
400,8.9,0.1016,71.3,0.0103088,138.123
500,12.3,0.1016,55.5,0.0368233,133.774
1600,9.9,0.1524,55.5,0.0208438,119.875
3150,4.2,0.0508,71.3,0.00142788,133.72799999999998
5000,2.7,0.1524,39.6,0.00294804,121.499
1000,15.6,0.1016,71.3,0.0437259,124.43799999999999
3150,17.4,0.0254,55.5,0.016570599999999998,124.101
10000,12.7,0.0254,39.6,0.013025299999999998,116.01700000000001
2000,9.9,0.1524,31.7,0.0252785,116.859
315,4.0,0.2286,39.6,0.00473801,122.229
6300,4.2,0.0508,39.6,0.00152689,125.71700000000001
4000,0.0,0.1524,71.3,0.0015988,128.857
1600,3.3,0.1016,39.6,0.00245138,133.071
6300,12.7,0.0254,39.6,0.013025299999999998,123.177
315,11.2,0.0508,39.6,0.015047799999999998,128.99
2000,4.8,0.0254,71.3,0.000848633,128.398
5000,0.0,0.3048,31.7,0.00331266,115.645
1600,7.2,0.1524,71.3,0.00752039,130.893
4000,17.4,0.0254,55.5,0.016570599999999998,121.771
4000,15.4,0.0508,39.6,0.0282593,118.113
6300,0.0,0.0508,55.5,0.00076193,132.796
8000,0.0,0.3048,71.3,0.00266337,117.15100000000001
10000,0.0,0.3048,31.7,0.00331266,108.265
2000,7.3,0.2286,39.6,0.0123481,117.809
500,22.2,0.0254,39.6,0.022902799999999997,129.776
4000,0.0,0.0254,71.3,0.00040068199999999997,138.55700000000002
3150,0.0,0.0254,39.6,0.00042846400000000004,133.276
630,2.0,0.2286,31.7,0.00372371,129.05700000000002
1600,5.4,0.1524,31.7,0.00525474,123.76100000000001
1250,5.4,0.1524,39.6,0.00485029,127.117
500,5.4,0.1524,39.6,0.00485029,129.937
1250,4.2,0.0508,39.6,0.00152689,128.42700000000002
10000,3.3,0.1016,55.5,0.002211,115.65899999999999
4000,7.3,0.2286,39.6,0.0123481,114.079
4000,15.4,0.0508,31.7,0.028985300000000002,115.635
1000,15.4,0.0508,71.3,0.0264269,131.865
2500,3.3,0.1016,31.7,0.00251435,130.392
1250,7.2,0.1524,39.6,0.00909175,122.428
12500,0.0,0.0254,71.3,0.00040068199999999997,133.207
630,4.0,0.2286,55.5,0.0042861999999999996,129.964
5000,12.3,0.1016,55.5,0.0368233,112.014
4000,4.8,0.0254,55.5,0.000873218,133.924
6300,9.9,0.1524,55.5,0.0208438,110.555
2500,3.3,0.1016,55.5,0.002211,132.889
8000,1.5,0.3048,71.3,0.00336729,115.37200000000001
200,9.9,0.1524,55.5,0.0208438,131.955
500,15.6,0.1016,71.3,0.0437259,130.638
2500,19.7,0.0508,39.6,0.036483999999999996,116.184
500,0.0,0.2286,31.7,0.0027238,126.675
2000,6.7,0.1016,31.7,0.00592927,120.446
6300,12.3,0.1016,71.3,0.033779199999999995,113.958
4000,17.4,0.0254,39.6,0.0172206,122.72399999999999
6300,4.2,0.0508,71.3,0.00142788,129.308
5000,0.0,0.0254,55.5,0.00041229,135.803
1250,2.0,0.2286,55.5,0.00313525,128.762
2000,0.0,0.0508,31.7,0.000812164,133.01
500,7.3,0.2286,71.3,0.010440399999999999,136.798
3150,4.8,0.0254,55.5,0.000873218,132.35399999999998
1600,15.4,0.0508,31.7,0.028985300000000002,121.485
500,5.3,0.2286,39.6,0.00614329,132.251
2000,0.0,0.0254,55.5,0.00041229,127.62299999999999
2500,7.2,0.1524,71.3,0.00752039,124.353
200,9.9,0.1524,71.3,0.019300099999999997,134.319
800,11.2,0.0508,39.6,0.015047799999999998,133.79
800,8.4,0.0508,55.5,0.00544854,128.562
8000,4.0,0.2286,55.5,0.0042861999999999996,112.524
1600,12.3,0.1016,31.7,0.0418756,114.477
250,12.3,0.1016,39.6,0.0408268,129.675
6300,2.7,0.1524,39.6,0.00294804,119.209
250,19.7,0.0508,71.3,0.034118300000000004,119.115
5000,4.0,0.2286,71.3,0.00400603,121.118
2500,22.2,0.0254,39.6,0.022902799999999997,121.306
6300,0.0,0.0254,39.6,0.00042846400000000004,136.826
6300,12.7,0.0254,71.3,0.012180799999999999,125.398
2500,2.0,0.2286,55.5,0.00313525,123.86200000000001
1000,4.2,0.0508,39.6,0.00152689,125.647
2000,15.6,0.1016,71.3,0.0437259,119.88799999999999
1600,0.0,0.2286,71.3,0.00214345,129.134
1600,17.4,0.0254,55.5,0.016570599999999998,126.471
1250,0.0,0.1524,31.7,0.00209405,131.467
3150,9.9,0.1524,31.7,0.0252785,112.209
500,8.4,0.0508,55.5,0.00544854,123.742
800,9.5,0.0254,39.6,0.00449821,129.014
1000,19.7,0.0508,71.3,0.034118300000000004,121.885
1600,0.0,0.2286,55.5,0.00229336,126.79
2500,12.6,0.1524,39.6,0.058411300000000006,106.88
5000,0.0,0.0254,31.7,0.000439472,138.607
1600,12.6,0.1524,71.3,0.0483159,120.53399999999999
3150,5.4,0.1524,71.3,0.00401199,123.311
400,12.7,0.0254,71.3,0.012180799999999999,125.04799999999999
400,12.6,0.1524,39.6,0.058411300000000006,115.91
800,5.3,0.2286,39.6,0.00614329,129.491
4000,7.2,0.1524,71.3,0.00752039,119.34299999999999
630,15.6,0.1016,71.3,0.0437259,122.288
800,22.2,0.0254,39.6,0.022902799999999997,137.076
2500,4.0,0.2286,39.6,0.00473801,119.649
630,9.5,0.0254,31.7,0.00461377,129.006
3150,15.4,0.0508,55.5,0.0271925,123.46
1250,2.7,0.1524,71.3,0.00243851,130.144
500,4.0,0.2286,55.5,0.0042861999999999996,127.314
200,9.5,0.0254,31.7,0.00461377,119.146
2500,8.4,0.0508,31.7,0.00580776,125.57600000000001
1600,8.9,0.1016,71.3,0.0103088,128.763
2000,2.0,0.2286,71.3,0.00293031,126.896
250,9.9,0.1524,39.6,0.0233328,128.335
5000,0.0,0.3048,39.6,0.00310138,117.789
3150,3.3,0.1016,55.5,0.002211,130.629
800,12.7,0.0254,39.6,0.013025299999999998,130.217
4000,0.0,0.1524,31.7,0.00209405,123.807
6300,15.4,0.0508,55.5,0.0271925,112.93
3150,6.7,0.1016,71.3,0.00478288,124.458
200,11.2,0.0508,39.6,0.015047799999999998,125.01
500,9.9,0.1524,39.6,0.0233328,126.835
500,15.4,0.0508,31.7,0.028985300000000002,123.695
800,0.0,0.2286,55.5,0.00229336,127.53
2500,9.5,0.0254,31.7,0.00461377,130.086
3150,9.5,0.0254,31.7,0.00461377,128.536
1250,2.0,0.2286,71.3,0.00293031,128.816
2000,0.0,0.3048,31.7,0.00331266,122.375
1600,6.7,0.1016,71.3,0.00478288,136.678
1600,17.4,0.0254,71.3,0.016104,126.406
1250,9.5,0.0254,71.3,0.00420654,131.656
1600,0.0,0.1016,55.5,0.00131983,132.05
3150,7.3,0.2286,31.7,0.0132672,113.229
250,11.2,0.0508,39.6,0.015047799999999998,126.43
500,0.0,0.1524,55.5,0.00172668,120.573
630,0.0,0.1524,31.7,0.00209405,125.99700000000001
3150,11.2,0.0508,39.6,0.015047799999999998,119.67
4000,12.7,0.0254,71.3,0.012180799999999999,131.808
2500,8.4,0.0508,55.5,0.00544854,131.542
800,0.0,0.1524,31.7,0.00209405,129.11700000000002
500,5.4,0.1524,31.7,0.00525474,129.681
500,12.6,0.1524,71.3,0.0483159,121.664
3150,15.6,0.1016,71.3,0.0437259,116.46799999999999
6300,2.0,0.2286,39.6,0.00346574,116.417
630,4.0,0.3048,39.6,0.00579636,131.07299999999998
500,17.4,0.0254,31.7,0.017663099999999998,127.676
1000,15.6,0.1016,39.6,0.0528487,119.22399999999999
800,12.3,0.1016,55.5,0.0368233,125.11399999999999
1600,8.9,0.1016,39.6,0.012459600000000001,123.82
800,3.0,0.3048,55.5,0.00452492,129.94899999999998
6300,17.4,0.0254,55.5,0.016570599999999998,114.861
200,8.9,0.1016,39.6,0.012459600000000001,133.42
6300,0.0,0.1016,39.6,0.00146332,125.631
1000,8.4,0.0508,31.7,0.00580776,129.516
2500,4.2,0.0508,71.3,0.00142788,131.97799999999998
315,2.0,0.2286,31.7,0.00372371,120.147
500,7.2,0.1524,71.3,0.00752039,132.043
250,4.0,0.2286,31.7,0.00509068,120.189
400,9.9,0.1524,31.7,0.0252785,128.939
2000,19.7,0.0508,71.3,0.034118300000000004,120.055
6300,3.3,0.1016,39.6,0.00245138,120.851
4000,11.2,0.0508,71.3,0.014072,122.471
3150,2.0,0.2286,31.7,0.00372371,121.527
1250,2.7,0.1524,39.6,0.00294804,130.829
1000,0.0,0.0508,39.6,0.000791822,127.63799999999999
1250,0.0,0.2286,55.5,0.00229336,127.91
4000,5.4,0.1524,71.3,0.00401199,121.431
2000,8.4,0.0508,55.5,0.00544854,133.042
6300,2.0,0.2286,31.7,0.00372371,115.137
4000,12.3,0.1016,55.5,0.0368233,114.404
400,7.3,0.2286,39.6,0.0123481,132.039
2000,17.4,0.0254,39.6,0.0172206,126.64399999999999
12500,4.8,0.0254,71.3,0.000848633,127.68799999999999
4000,4.0,0.2286,31.7,0.00509068,118.859
4000,0.0,0.0508,55.5,0.00076193,134.946
1000,3.3,0.1016,39.6,0.00245138,131.971
3150,7.2,0.1524,71.3,0.00752039,116.78299999999999
1250,0.0,0.1016,55.5,0.00131983,131.43
250,15.4,0.0508,71.3,0.0264269,124.835
800,3.0,0.3048,31.7,0.00529514,128.708
250,9.5,0.0254,31.7,0.00461377,120.13600000000001
3150,9.9,0.1524,55.5,0.0208438,115.085
5000,2.0,0.2286,71.3,0.00293031,122.816
2500,2.0,0.2286,31.7,0.00372371,121.40700000000001
4000,0.0,0.1016,39.6,0.00146332,127.801
5000,0.0,0.0254,39.6,0.00042846400000000004,136.536
2000,15.6,0.1016,39.6,0.0528487,110.89399999999999
630,12.3,0.1016,71.3,0.033779199999999995,135.368
630,12.6,0.1524,71.3,0.0483159,123.304
1600,8.4,0.0508,71.3,0.00529514,133.846
1600,6.7,0.1016,39.6,0.00578076,127.375
630,5.4,0.1524,55.5,0.00433288,131.80700000000002
6300,3.3,0.1016,31.7,0.00251435,120.70200000000001
4000,9.9,0.1524,31.7,0.0252785,111.459
8000,0.0,0.1524,31.7,0.00209405,117.95700000000001
2500,7.3,0.2286,55.5,0.011170600000000001,118.994
10000,0.0,0.1016,71.3,0.00121072,123.305
315,17.4,0.0254,71.3,0.016104,115.846
3150,5.4,0.1524,31.7,0.00525474,118.291
6300,17.4,0.0254,71.3,0.016104,119.916
1250,19.7,0.0508,39.6,0.036483999999999996,118.634
1000,0.0,0.1016,31.7,0.00150092,131.313
800,5.4,0.1524,55.5,0.00433288,133.097
2500,22.2,0.0254,71.3,0.0214178,126.09700000000001
8000,0.0,0.1016,71.3,0.00121072,125.465
630,5.3,0.2286,71.3,0.0051942,131.8
3150,2.0,0.2286,71.3,0.00293031,126.116
2500,0.0,0.1016,39.6,0.00146332,132.611
500,17.4,0.0254,39.6,0.0172206,117.514
315,6.7,0.1016,31.7,0.00592927,126.266
8000,3.0,0.3048,71.3,0.00425727,114.634
500,15.4,0.0508,55.5,0.0271925,127.22
1000,0.0,0.1524,31.7,0.00209405,130.987
12500,0.0,0.0508,55.5,0.00076193,125.376
2500,4.8,0.0254,31.7,0.0009307889999999999,132.588
3150,4.8,0.0254,31.7,0.0009307889999999999,134.268
4000,12.6,0.1524,39.6,0.058411300000000006,104.5
800,0.0,0.3048,55.5,0.00283081,128.086
5000,12.7,0.0254,71.3,0.012180799999999999,128.97799999999998
500,7.3,0.2286,39.6,0.0123481,130.299
1600,19.7,0.0508,39.6,0.036483999999999996,117.604
400,7.2,0.1524,39.6,0.00909175,132.118
4000,0.0,0.2286,55.5,0.00229336,123.41
6300,0.0,0.2286,71.3,0.00214345,122.044
2000,6.7,0.1016,71.3,0.00478288,134.56799999999998
2500,0.0,0.0254,31.7,0.000439472,132.89700000000002
315,9.5,0.0254,39.6,0.00449821,119.294
8000,3.3,0.1016,71.3,0.00202822,121.234
630,0.0,0.2286,31.7,0.0027238,129.465
5000,1.5,0.3048,71.3,0.00336729,119.632
2000,17.4,0.0254,71.3,0.016104,126.82600000000001
1250,0.0,0.1524,71.3,0.0015988,128.92700000000002
5000,9.9,0.1524,39.6,0.0233328,111.135
2000,12.3,0.1016,71.3,0.033779199999999995,122.21799999999999
6300,0.0,0.1524,55.5,0.00172668,123.303
2000,12.6,0.1524,71.3,0.0483159,117.50399999999999
8000,3.3,0.1016,55.5,0.002211,120.569
12500,0.0,0.0508,31.7,0.000812164,119.07
1000,3.0,0.3048,55.5,0.00452492,129.329
16000,0.0,0.1524,55.5,0.00172668,112.803
5000,9.5,0.0254,31.7,0.00461377,124.426
630,4.0,0.3048,71.3,0.00497773,131.615
630,4.0,0.2286,71.3,0.00400603,129.03799999999998
6300,15.4,0.0508,31.7,0.028985300000000002,108.185
1600,0.0,0.1524,31.7,0.00209405,130.817
10000,3.0,0.3048,71.3,0.00425727,110.22399999999999
315,3.0,0.3048,31.7,0.00529514,123.118
1250,7.3,0.2286,31.7,0.0132672,120.509
630,17.4,0.0254,39.6,0.0172206,124.514
6300,0.0,0.0508,39.6,0.000791822,131.918
2500,7.2,0.1524,39.6,0.00909175,117.478
400,0.0,0.2286,55.5,0.00229336,121.66
1600,4.0,0.3048,71.3,0.00497773,126.645
4000,2.7,0.1524,71.3,0.00243851,126.53399999999999
250,7.3,0.2286,71.3,0.010440399999999999,139.918
315,17.4,0.0254,55.5,0.016570599999999998,111.911
6300,2.0,0.2286,71.3,0.00293031,120.786
2000,9.9,0.1524,55.5,0.0208438,119.505
4000,15.6,0.1016,39.6,0.0528487,106.604
500,5.4,0.1524,71.3,0.00401199,126.291
2000,4.0,0.2286,39.6,0.00473801,121.65899999999999
1250,8.4,0.0508,71.3,0.00529514,132.086
1600,12.7,0.0254,39.6,0.013025299999999998,129.977
3150,9.9,0.1524,71.3,0.019300099999999997,116.84899999999999
8000,1.5,0.3048,39.6,0.00392107,112.251
4000,22.2,0.0254,39.6,0.022902799999999997,119.646
1250,4.8,0.0254,39.6,0.000907475,125.02600000000001
5000,3.3,0.1016,71.3,0.00202822,127.054
5000,5.4,0.1524,71.3,0.00401199,120.061
2500,3.0,0.3048,71.3,0.00425727,124.024
4000,17.4,0.0254,71.3,0.016104,125.586
5000,7.3,0.2286,39.6,0.0123481,111.959
1000,4.0,0.2286,39.6,0.00473801,129.969
3150,4.0,0.2286,55.5,0.0042861999999999996,122.39399999999999
6300,5.4,0.1524,39.6,0.00485029,116.677
2500,9.9,0.1524,55.5,0.0208438,118.365
1250,0.0,0.0508,31.7,0.000812164,129.27
500,17.4,0.0254,55.5,0.016570599999999998,119.62100000000001
2500,5.3,0.2286,71.3,0.0051942,123.74
3150,0.0,0.1524,71.3,0.0015988,129.377
1000,4.0,0.2286,31.7,0.00509068,129.869
500,2.0,0.2286,39.6,0.00346574,125.15700000000001
1000,0.0,0.1524,39.6,0.00193287,130.033
800,7.2,0.1524,39.6,0.00909175,132.358
1250,11.2,0.0508,71.3,0.014072,136.191
6300,9.5,0.0254,31.7,0.00461377,120.726
5000,4.0,0.2286,39.6,0.00473801,117.649
8000,4.8,0.0254,55.5,0.000873218,132.184
6300,5.3,0.2286,39.6,0.00614329,112.541
2500,0.0,0.1524,39.6,0.00193287,126.863
1600,3.0,0.3048,39.6,0.00495741,122.78200000000001
1250,3.0,0.3048,31.7,0.00529514,124.838
6300,0.0,0.0254,71.3,0.00040068199999999997,134.987
1000,22.2,0.0254,71.3,0.0214178,134.247
8000,0.0,0.0508,31.7,0.000812164,126.59
500,2.0,0.2286,55.5,0.00313525,124.69200000000001
315,11.2,0.0508,71.3,0.014072,128.381
1600,4.0,0.2286,31.7,0.00509068,125.229
2000,0.0,0.0508,71.3,0.000740478,131.06
1250,12.7,0.0254,71.3,0.012180799999999999,133.048
2000,0.0,0.1016,55.5,0.00131983,132.54
16000,0.0,0.2286,71.3,0.00214345,114.984
4000,5.3,0.2286,39.6,0.00614329,115.801
2000,0.0,0.1524,55.5,0.00172668,129.673
500,3.0,0.3048,39.6,0.00495741,127.632
3150,4.0,0.3048,39.6,0.00579636,118.743
3150,5.3,0.2286,39.6,0.00614329,118.441
1250,12.7,0.0254,39.6,0.013025299999999998,130.77700000000002
250,7.2,0.1524,39.6,0.00909175,127.488
8000,12.7,0.0254,71.3,0.012180799999999999,120.538
315,15.4,0.0508,39.6,0.0282593,124.493
315,12.3,0.1016,71.3,0.033779199999999995,137.06799999999998
10000,5.3,0.2286,71.3,0.0051942,111.35
6300,4.0,0.3048,71.3,0.00497773,116.165
1250,15.4,0.0508,71.3,0.0264269,130.845
800,4.0,0.3048,39.6,0.00579636,130.72299999999998
4000,5.4,0.1524,31.7,0.00525474,116.181
400,12.3,0.1016,55.5,0.0368233,136.414
5000,5.4,0.1524,39.6,0.00485029,117.037
630,6.7,0.1016,31.7,0.00592927,132.116
12500,0.0,0.0508,39.6,0.000791822,123.988
2000,9.9,0.1524,39.6,0.0233328,117.925
10000,4.8,0.0254,71.3,0.000848633,127.398
1000,3.3,0.1016,31.7,0.00251435,133.012
3150,12.6,0.1524,71.3,0.0483159,113.334
400,4.0,0.2286,55.5,0.0042861999999999996,123.274
3150,0.0,0.1524,39.6,0.00193287,125.603
800,15.4,0.0508,31.7,0.028985300000000002,125.555
250,12.6,0.1524,71.3,0.0483159,129.744
500,0.0,0.2286,55.5,0.00229336,123.78
800,9.9,0.1524,55.5,0.0208438,126.565
315,7.2,0.1524,71.3,0.00752039,128.713
250,17.4,0.0254,31.7,0.017663099999999998,116.956
5000,7.3,0.2286,31.7,0.0132672,111.029
800,5.3,0.2286,71.3,0.0051942,133.48
800,15.6,0.1016,71.3,0.0437259,124.18799999999999
2500,12.3,0.1016,31.7,0.0418756,110.31700000000001
315,7.3,0.2286,39.6,0.0123481,132.149
2500,5.3,0.2286,39.6,0.00614329,116.15100000000001
630,4.0,0.2286,39.6,0.00473801,129.579
2500,4.2,0.0508,39.6,0.00152689,133.847
800,2.0,0.2286,39.6,0.00346574,129.037
12500,4.0,0.2286,71.3,0.00400603,114.258
630,2.0,0.2286,55.5,0.00313525,126.84200000000001
4000,4.0,0.3048,71.3,0.00497773,119.535
8000,0.0,0.0254,31.7,0.000439472,137.207
250,12.6,0.1524,39.6,0.058411300000000006,115.89
630,2.7,0.1524,39.6,0.00294804,125.809
6300,0.0,0.2286,55.5,0.00229336,118.41
1600,5.4,0.1524,39.6,0.00485029,126.26700000000001
6300,4.0,0.2286,71.3,0.00400603,118.618
800,12.3,0.1016,31.7,0.0418756,120.037
1600,6.7,0.1016,31.7,0.00592927,124.346
1600,15.4,0.0508,55.5,0.0271925,128.2
800,8.9,0.1016,71.3,0.0103088,137.813
1250,9.5,0.0254,31.7,0.00461377,131.446
2500,5.4,0.1524,31.7,0.00525474,119.15100000000001
1600,9.5,0.0254,39.6,0.00449821,131.184
2500,15.4,0.0508,71.3,0.0264269,127.625
500,3.0,0.3048,55.5,0.00452492,128.179
4000,2.0,0.2286,55.5,0.00313525,122.23200000000001
4000,4.8,0.0254,31.7,0.0009307889999999999,135.328
1250,9.9,0.1524,55.5,0.0208438,121.635
10000,0.0,0.3048,71.3,0.00266337,115.391
1600,4.0,0.2286,39.6,0.00473801,125.319
200,7.3,0.2286,31.7,0.0132672,128.679
5000,9.5,0.0254,39.6,0.00449821,125.044
12500,0.0,0.0254,39.6,0.00042846400000000004,129.116
315,7.2,0.1524,39.6,0.00909175,130.558
1250,1.5,0.3048,39.6,0.00392107,125.211
2000,0.0,0.3048,55.5,0.00283081,126.616
630,0.0,0.1524,39.6,0.00193287,124.40299999999999
10000,0.0,0.1016,39.6,0.00146332,119.561
1600,5.4,0.1524,55.5,0.00433288,130.567
400,2.0,0.2286,55.5,0.00313525,122.292
630,0.0,0.1016,71.3,0.00121072,124.155
2500,0.0,0.1524,31.7,0.00209405,125.867
315,4.0,0.2286,31.7,0.00509068,123.609
2000,4.0,0.3048,39.6,0.00579636,120.963
3150,4.0,0.3048,71.3,0.00497773,121.775
4000,9.9,0.1524,55.5,0.0208438,112.945
1600,22.2,0.0254,39.6,0.022902799999999997,122.21600000000001
2000,7.2,0.1524,39.6,0.00909175,120.228
1250,7.3,0.2286,55.5,0.011170600000000001,125.72399999999999
1000,0.0,0.1016,39.6,0.00146332,130.781
500,2.0,0.2286,71.3,0.00293031,126.486
4000,8.4,0.0508,39.6,0.00566229,118.955
8000,4.0,0.3048,71.3,0.00497773,113.665
315,5.3,0.2286,39.6,0.00614329,129.691
10000,2.0,0.2286,71.3,0.00293031,113.086
1600,0.0,0.1016,39.6,0.00146332,133.261
2500,0.0,0.1016,71.3,0.00121072,132.595
630,6.7,0.1016,71.3,0.00478288,131.44799999999998
800,4.0,0.2286,39.6,0.00473801,130.469
5000,7.3,0.2286,71.3,0.010440399999999999,115.29799999999999
2000,4.0,0.2286,55.5,0.0042861999999999996,124.25399999999999
630,3.0,0.3048,39.6,0.00495741,129.292
200,12.6,0.1524,71.3,0.0483159,128.35399999999998
315,9.9,0.1524,71.3,0.019300099999999997,135.459
4000,5.4,0.1524,39.6,0.00485029,117.137
250,0.0,0.3048,39.6,0.00310138,119.319
400,8.9,0.1016,39.6,0.012459600000000001,135.54
400,17.4,0.0254,31.7,0.017663099999999998,120.766
2500,0.0,0.0508,39.6,0.000791822,134.938
10000,0.0,0.0508,71.3,0.000740478,128.74
2500,0.0,0.0254,71.3,0.00040068199999999997,133.707
1600,0.0,0.1016,31.7,0.00150092,133.553
3150,8.4,0.0508,39.6,0.00566229,123.965
8000,0.0,0.1524,39.6,0.00193287,120.553
800,0.0,0.2286,39.6,0.00253511,130.205
5000,5.4,0.1524,55.5,0.00433288,118.757
1600,12.3,0.1016,71.3,0.033779199999999995,124.74799999999999
200,7.3,0.2286,71.3,0.010440399999999999,138.75799999999998
2000,0.0,0.2286,39.6,0.00253511,125.305
2000,8.4,0.0508,71.3,0.00529514,134.476
315,9.9,0.1524,31.7,0.0252785,128.809
2000,5.4,0.1524,31.7,0.00525474,122.771
1000,8.4,0.0508,55.5,0.00544854,130.722
8000,4.8,0.0254,31.7,0.0009307889999999999,127.008
5000,9.9,0.1524,55.5,0.0208438,112.065
800,5.4,0.1524,39.6,0.00485029,132.757
16000,4.8,0.0254,55.5,0.000873218,124.39399999999999
6300,0.0,0.3048,55.5,0.00283081,117.976
2500,7.3,0.2286,39.6,0.0123481,116.559
16000,4.8,0.0254,71.3,0.000848633,124.208
400,4.0,0.2286,39.6,0.00473801,123.87899999999999
500,7.2,0.1524,39.6,0.00909175,132.658
1000,4.8,0.0254,31.7,0.0009307889999999999,125.348
4000,7.2,0.1524,39.6,0.00909175,114.258
1250,0.0,0.0508,55.5,0.00076193,127.07600000000001
315,4.0,0.3048,39.6,0.00579636,126.84299999999999
1000,12.7,0.0254,39.6,0.013025299999999998,130.947
250,12.7,0.0254,39.6,0.013025299999999998,121.54700000000001
4000,8.4,0.0508,55.5,0.00544854,122.61200000000001
1600,0.0,0.0508,31.7,0.000812164,131.01
500,3.0,0.3048,71.3,0.00425727,128.454
4000,0.0,0.1016,31.7,0.00150092,126.93299999999999
2500,0.0,0.1524,71.3,0.0015988,128.127
3150,12.3,0.1016,31.7,0.0418756,110.307
1250,6.7,0.1016,55.5,0.0052139,136.88299999999998
800,8.4,0.0508,31.7,0.00580776,128.246
5000,9.9,0.1524,31.7,0.0252785,109.949
1000,0.0,0.0508,55.5,0.00076193,125.586
630,11.2,0.0508,71.3,0.014072,133.611
800,3.3,0.1016,71.3,0.00202822,131.07399999999998
2000,6.7,0.1016,55.5,0.0052139,129.653
2500,9.5,0.0254,55.5,0.0043284,134.15200000000002
3150,0.0,0.0508,39.6,0.000791822,135.938
4000,19.7,0.0508,39.6,0.036483999999999996,108.684
2500,9.5,0.0254,39.6,0.00449821,131.234
6300,3.0,0.3048,55.5,0.00452492,115.679
3150,0.0,0.1524,55.5,0.00172668,127.75299999999999
630,22.2,0.0254,71.3,0.0214178,120.65700000000001
800,2.7,0.1524,71.3,0.00243851,127.39399999999999
5000,0.0,0.0508,71.3,0.000740478,134.43
1600,19.7,0.0508,71.3,0.034118300000000004,120.575
4000,8.9,0.1016,39.6,0.012459600000000001,116.22
1000,12.3,0.1016,71.3,0.033779199999999995,127.928
315,5.4,0.1524,31.7,0.00525474,125.741
16000,0.0,0.3048,71.3,0.00266337,108.721
315,15.4,0.0508,31.7,0.028985300000000002,122.845
3150,19.7,0.0508,71.3,0.034118300000000004,116.225
6300,0.0,0.3048,39.6,0.00310138,116.229
4000,3.0,0.3048,71.3,0.00425727,120.264
315,7.3,0.2286,55.5,0.011170600000000001,136.284
3150,1.5,0.3048,39.6,0.00392107,119.111
1000,4.0,0.2286,55.5,0.0042861999999999996,132.134
1000,4.0,0.3048,39.6,0.00579636,128.72299999999998
315,12.3,0.1016,55.5,0.0368233,135.674
1600,2.0,0.2286,39.6,0.00346574,125.837
500,4.8,0.0254,39.6,0.000907475,116.366
2000,3.0,0.3048,71.3,0.00425727,125.524
2000,1.5,0.3048,39.6,0.00392107,122.101
5000,17.4,0.0254,31.7,0.017663099999999998,117.99600000000001
1250,6.7,0.1016,31.7,0.00592927,129.256
1250,12.3,0.1016,31.7,0.0418756,118.76700000000001
1600,7.2,0.1524,39.6,0.00909175,120.05799999999999
6300,12.6,0.1524,71.3,0.0483159,107.28399999999999
315,7.3,0.2286,71.3,0.010440399999999999,139.808
315,17.4,0.0254,31.7,0.017663099999999998,118.416
800,3.3,0.1016,39.6,0.00245138,129.991
3150,15.4,0.0508,71.3,0.0264269,125.715
630,0.0,0.1524,55.5,0.00172668,123.583
1250,4.0,0.3048,39.6,0.00579636,126.34299999999999
4000,22.2,0.0254,71.3,0.0214178,123.917
1000,2.7,0.1524,39.6,0.00294804,130.589
500,9.9,0.1524,71.3,0.019300099999999997,131.279
8000,0.0,0.0254,71.3,0.00040068199999999997,129.86700000000002
800,0.0,0.0508,31.7,0.000812164,122.79
5000,3.0,0.3048,39.6,0.00495741,115.792
3150,0.0,0.2286,31.7,0.0027238,123.445
2000,0.0,0.1016,71.3,0.00121072,132.095
1000,12.3,0.1016,31.7,0.0418756,119.777
2500,2.0,0.2286,39.6,0.00346574,121.397
3150,4.8,0.0254,39.6,0.000907475,133.436
5000,0.0,0.1524,39.6,0.00193287,123.45299999999999
2000,22.2,0.0254,71.3,0.0214178,127.197
3150,4.0,0.2286,31.7,0.00509068,120.229
1250,9.9,0.1524,31.7,0.0252785,118.619
6300,0.0,0.0508,71.3,0.000740478,133.04
2000,6.7,0.1016,39.6,0.00578076,122.235
315,15.6,0.1016,71.3,0.0437259,133.808
400,15.4,0.0508,31.7,0.028985300000000002,123.705
5000,0.0,0.0508,31.7,0.000812164,133.23
1250,0.0,0.1016,39.6,0.00146332,132.27100000000002
4000,4.0,0.3048,39.6,0.00579636,115.863
3150,0.0,0.2286,39.6,0.00253511,124.625
6300,0.0,0.3048,31.7,0.00331266,113.775
250,4.0,0.3048,39.6,0.00579636,123.54299999999999
3150,15.4,0.0508,31.7,0.028985300000000002,118.045
800,3.0,0.3048,39.6,0.00495741,129.55200000000002
500,12.3,0.1016,71.3,0.033779199999999995,140.158
6300,15.6,0.1016,39.6,0.0528487,104.204
630,8.9,0.1016,39.6,0.012459600000000001,131.92
5000,15.4,0.0508,31.7,0.028985300000000002,112.355
2000,8.9,0.1016,71.3,0.0103088,124.23299999999999
200,15.4,0.0508,55.5,0.0271925,122.94
1250,17.4,0.0254,71.3,0.016104,126.35600000000001
4000,0.0,0.0508,71.3,0.000740478,134.43
12500,0.0,0.1524,55.5,0.00172668,117.09299999999999
2500,4.8,0.0254,55.5,0.000873218,129.144
200,12.6,0.1524,39.6,0.058411300000000006,114.75
800,6.7,0.1016,71.3,0.00478288,134.47799999999998
5000,3.3,0.1016,39.6,0.00245138,122.37100000000001
5000,2.0,0.2286,55.5,0.00313525,120.47200000000001
10000,1.5,0.3048,39.6,0.00392107,108.991
6300,4.0,0.2286,55.5,0.0042861999999999996,117.154
5000,12.7,0.0254,39.6,0.013025299999999998,125.10700000000001
1000,15.4,0.0508,39.6,0.0282593,127.89299999999999
20000,4.8,0.0254,55.5,0.000873218,121.28399999999999
20000,4.0,0.2286,71.3,0.00400603,109.63799999999999
500,9.5,0.0254,55.5,0.0043284,123.08200000000001
1250,4.0,0.3048,71.3,0.00497773,129.395
8000,3.0,0.3048,55.5,0.00452492,113.79899999999999
400,5.4,0.1524,39.6,0.00485029,127.637
500,11.2,0.0508,39.6,0.015047799999999998,131.96
8000,0.0,0.2286,71.3,0.00214345,118.024
1000,2.0,0.2286,55.5,0.00313525,129.002
400,12.7,0.0254,39.6,0.013025299999999998,125.527
1600,17.4,0.0254,39.6,0.0172206,127.61399999999999
1250,4.8,0.0254,31.7,0.0009307889999999999,127.40799999999999
1600,12.7,0.0254,71.3,0.012180799999999999,134.528
6300,0.0,0.1016,71.3,0.00121072,129.395
630,7.2,0.1524,71.3,0.00752039,134.85299999999998
1000,4.8,0.0254,39.6,0.000907475,122.956
5000,8.4,0.0508,71.3,0.00529514,121.146
400,3.0,0.3048,39.6,0.00495741,125.47200000000001
3150,9.9,0.1524,39.6,0.0233328,113.525
10000,0.0,0.0254,71.3,0.00040068199999999997,130.787
1250,8.9,0.1016,71.3,0.0103088,132.793
8000,4.0,0.2286,71.3,0.00400603,112.848
630,7.3,0.2286,55.5,0.011170600000000001,130.934
800,17.4,0.0254,31.7,0.017663099999999998,139.226
12500,4.0,0.3048,71.3,0.00497773,107.405
1000,8.4,0.0508,71.3,0.00529514,129.946
1600,0.0,0.0508,55.5,0.00076193,128.576
16000,0.0,0.0254,39.6,0.00042846400000000004,124.986
6300,4.0,0.2286,39.6,0.00473801,114.249
1250,12.3,0.1016,71.3,0.033779199999999995,126.648
8000,12.7,0.0254,39.6,0.013025299999999998,120.60700000000001
1250,15.6,0.1016,39.6,0.0528487,118.214
400,8.4,0.0508,31.7,0.00580776,120.07600000000001
2500,0.0,0.0254,39.6,0.00042846400000000004,131.836
1250,17.4,0.0254,55.5,0.016570599999999998,129.30100000000002
4000,3.0,0.3048,39.6,0.00495741,116.792
500,19.7,0.0508,39.6,0.036483999999999996,128.444
6300,7.3,0.2286,55.5,0.011170600000000001,111.53399999999999
2000,0.0,0.3048,71.3,0.00266337,127.461
3150,12.3,0.1016,71.3,0.033779199999999995,120.79799999999999
5000,4.8,0.0254,71.3,0.000848633,135.468
1600,0.0,0.3048,31.7,0.00331266,122.365
250,17.4,0.0254,71.3,0.016104,113.796
630,8.4,0.0508,55.5,0.00544854,126.152
800,17.4,0.0254,71.3,0.016104,124.27600000000001
1000,9.9,0.1524,31.7,0.0252785,122.149
6300,9.5,0.0254,39.6,0.00449821,120.324
400,12.3,0.1016,39.6,0.0408268,128.265
1250,19.7,0.0508,71.3,0.034118300000000004,121.485
2500,2.0,0.2286,71.3,0.00293031,127.006
315,7.3,0.2286,31.7,0.0132672,130.239
1000,0.0,0.3048,71.3,0.00266337,125.20100000000001
8000,2.7,0.1524,71.3,0.00243851,120.53399999999999
6300,0.0,0.2286,31.7,0.0027238,116.815
800,6.7,0.1016,55.5,0.0052139,135.953
2500,0.0,0.3048,39.6,0.00310138,121.399
800,0.0,0.3048,71.3,0.00266337,126.20100000000001
2500,12.6,0.1524,71.3,0.0483159,115.234
3150,17.4,0.0254,31.7,0.017663099999999998,123.46600000000001
630,22.2,0.0254,39.6,0.022902799999999997,137.026
800,4.0,0.2286,71.3,0.00400603,130.688
500,15.4,0.0508,39.6,0.0282593,125.963
800,0.0,0.1016,31.7,0.00150092,129.053
800,5.4,0.1524,31.7,0.00525474,131.491
12500,0.0,0.1524,71.3,0.0015988,117.087
4000,19.7,0.0508,71.3,0.034118300000000004,113.045
2500,2.7,0.1524,39.6,0.00294804,125.589
800,7.3,0.2286,55.5,0.011170600000000001,128.444
1250,9.9,0.1524,39.6,0.0233328,120.555
800,15.6,0.1016,39.6,0.0528487,118.964
4000,3.3,0.1016,39.6,0.00245138,124.881
4000,4.0,0.2286,39.6,0.00473801,119.15899999999999
5000,0.0,0.1016,55.5,0.00131983,128.36
8000,0.0,0.1524,71.3,0.0015988,122.527
2500,3.0,0.3048,55.5,0.00452492,122.439
3150,5.4,0.1524,55.5,0.00433288,121.587
1600,3.0,0.3048,55.5,0.00452492,124.439
1600,15.6,0.1016,39.6,0.0528487,114.554
1250,2.0,0.2286,39.6,0.00346574,128.257
250,11.2,0.0508,71.3,0.014072,127.101
2500,0.0,0.1016,31.7,0.00150092,132.003
5000,17.4,0.0254,71.3,0.016104,123.126
3150,12.7,0.0254,71.3,0.012180799999999999,133.75799999999998
400,9.5,0.0254,55.5,0.0043284,120.95200000000001
4000,0.0,0.0508,31.7,0.000812164,134.11
2000,5.4,0.1524,55.5,0.00433288,128.707
315,17.4,0.0254,39.6,0.0172206,115.14399999999999
1600,0.0,0.1016,71.3,0.00121072,131.725
5000,17.4,0.0254,55.5,0.016570599999999998,118.941
5000,0.0,0.3048,55.5,0.00283081,119.60600000000001
3150,19.7,0.0508,39.6,0.036483999999999996,113.00399999999999
4000,4.0,0.2286,55.5,0.0042861999999999996,120.654
800,4.0,0.2286,31.7,0.00509068,130.869
5000,1.5,0.3048,39.6,0.00392107,116.241
4000,0.0,0.1016,71.3,0.00121072,130.935
2000,12.3,0.1016,31.7,0.0418756,110.447
4000,5.3,0.2286,71.3,0.0051942,120.33
5000,0.0,0.2286,31.7,0.0027238,120.505
1000,0.0,0.1016,55.5,0.00131983,129.8
6300,1.5,0.3048,39.6,0.00392107,114.751
500,2.0,0.2286,31.7,0.00372371,126.677
500,6.7,0.1016,55.5,0.0052139,129.343
250,15.4,0.0508,55.5,0.0271925,124.17
1600,15.4,0.0508,71.3,0.0264269,130.065
1250,15.4,0.0508,55.5,0.0271925,130.0
5000,3.0,0.3048,31.7,0.00529514,113.85799999999999
4000,0.0,0.0254,31.7,0.000439472,137.047
315,2.0,0.2286,39.6,0.00346574,120.137
20000,0.0,0.2286,71.3,0.00214345,114.47399999999999
630,0.0,0.2286,55.5,0.00229336,126.16
2000,17.4,0.0254,31.7,0.017663099999999998,124.35600000000001
1600,4.8,0.0254,55.5,0.000873218,121.47399999999999
3150,8.4,0.0508,71.3,0.00529514,131.966
1000,0.0,0.3048,39.6,0.00310138,127.899
1250,0.0,0.3048,55.5,0.00283081,126.086
1600,12.3,0.1016,39.6,0.0408268,117.875
500,17.4,0.0254,71.3,0.016104,119.806
3150,22.2,0.0254,71.3,0.0214178,124.12700000000001
1250,7.2,0.1524,71.3,0.00752039,132.513
3150,12.6,0.1524,39.6,0.058411300000000006,106.26
5000,3.3,0.1016,31.7,0.00251435,122.08200000000001
400,7.3,0.2286,31.7,0.0132672,130.269
315,4.0,0.3048,71.3,0.00497773,128.175
800,15.4,0.0508,55.5,0.0271925,130.43
630,0.0,0.1016,31.7,0.00150092,126.413
500,5.3,0.2286,71.3,0.0051942,129.88
800,4.0,0.2286,55.5,0.0042861999999999996,131.864
400,5.4,0.1524,55.5,0.00433288,126.807
400,0.0,0.2286,39.6,0.00253511,123.565
200,15.4,0.0508,71.3,0.0264269,123.595
6300,0.0,0.0508,31.7,0.000812164,130.34
3150,0.0,0.0254,31.7,0.000439472,135.227
1000,9.9,0.1524,39.6,0.0233328,123.835
8000,7.2,0.1524,71.3,0.00752039,113.333
20000,0.0,0.0254,55.5,0.00041229,121.93299999999999
400,12.3,0.1016,31.7,0.0418756,123.20700000000001
4000,12.3,0.1016,39.6,0.0408268,110.905
1000,3.0,0.3048,39.6,0.00495741,128.312
1600,4.0,0.2286,71.3,0.00400603,129.468
6300,4.8,0.0254,55.5,0.000873218,135.164
4000,8.4,0.0508,31.7,0.00580776,118.10600000000001
1600,0.0,0.0508,71.3,0.000740478,129.68
6300,0.0,0.1016,55.5,0.00131983,127.73
630,15.4,0.0508,39.6,0.0282593,127.443
5000,7.2,0.1524,71.3,0.00752039,118.34299999999999
315,1.5,0.3048,39.6,0.00392107,121.851
3150,15.6,0.1016,39.6,0.0528487,109.25399999999999
3150,4.8,0.0254,71.3,0.000848633,133.378
2000,12.3,0.1016,55.5,0.0368233,118.564
1250,0.0,0.2286,71.3,0.00214345,128.144
3150,0.0,0.1016,55.5,0.00131983,131.78
1000,17.4,0.0254,71.3,0.016104,125.816
1600,17.4,0.0254,31.7,0.017663099999999998,126.846
4000,9.5,0.0254,55.5,0.0043284,131.582
3150,7.3,0.2286,55.5,0.011170600000000001,117.134
250,4.0,0.3048,71.3,0.00497773,126.395
1600,0.0,0.1524,71.3,0.0015988,129.667
1000,12.6,0.1524,39.6,0.058411300000000006,114.67
500,8.4,0.0508,31.7,0.00580776,122.96600000000001
3150,5.3,0.2286,71.3,0.0051942,123.12
1000,5.4,0.1524,39.6,0.00485029,130.507
20000,0.0,0.0254,71.3,0.00040068199999999997,123.21700000000001
5000,0.0,0.1016,39.6,0.00146332,126.021
8000,2.7,0.1524,39.6,0.00294804,116.65899999999999
1000,9.9,0.1524,71.3,0.019300099999999997,126.34899999999999
8000,5.4,0.1524,55.5,0.00433288,114.927
2000,4.0,0.2286,71.3,0.00400603,126.21799999999999
1250,9.5,0.0254,39.6,0.00449821,130.964
400,12.6,0.1524,71.3,0.0483159,127.094
400,7.2,0.1524,71.3,0.00752039,130.123
315,0.0,0.2286,39.6,0.00253511,121.055
800,19.7,0.0508,39.6,0.036483999999999996,119.17399999999999
5000,0.0,0.2286,71.3,0.00214345,124.304
5000,22.2,0.0254,39.6,0.022902799999999997,118.816
2500,12.3,0.1016,39.6,0.0408268,113.315
630,1.5,0.3048,39.6,0.00392107,128.311
1000,0.0,0.2286,31.7,0.0027238,130.595
315,0.0,0.3048,31.7,0.00331266,122.765
4000,7.3,0.2286,55.5,0.011170600000000001,117.28399999999999
1000,0.0,0.1524,55.5,0.00172668,128.583
10000,4.0,0.2286,71.3,0.00400603,113.10799999999999
10000,0.0,0.0508,39.6,0.000791822,125.99799999999999
2000,5.3,0.2286,39.6,0.00614329,117.911
8000,0.0,0.1016,55.5,0.00131983,124.45
12500,4.2,0.0508,71.3,0.00142788,117.32799999999999
1250,4.0,0.2286,71.3,0.00400603,131.718
10000,0.0,0.0508,31.7,0.000812164,122.45
800,17.4,0.0254,39.6,0.0172206,135.32399999999998
1600,4.2,0.0508,71.3,0.00142788,124.318
800,0.0,0.0508,55.5,0.00076193,124.336
2500,0.0,0.3048,55.5,0.00283081,124.10600000000001
1000,15.4,0.0508,55.5,0.0271925,130.4
250,5.3,0.2286,39.6,0.00614329,127.01100000000001
10000,2.7,0.1524,39.6,0.00294804,112.589
630,5.4,0.1524,71.3,0.00401199,128.971
5000,12.6,0.1524,71.3,0.0483159,108.03399999999999
2000,15.4,0.0508,31.7,0.028985300000000002,120.835
400,9.5,0.0254,39.6,0.00449821,121.154
1250,0.0,0.1016,71.3,0.00121072,130.335
630,19.7,0.0508,71.3,0.034118300000000004,128.365
3150,0.0,0.0508,71.3,0.000740478,135.07
2000,11.2,0.0508,39.6,0.015047799999999998,124.42
250,0.0,0.3048,31.7,0.00331266,118.595
12500,0.0,0.0508,71.3,0.000740478,125.22
250,9.9,0.1524,31.7,0.0252785,128.559
6300,8.9,0.1016,71.3,0.0103088,117.25299999999999
250,17.4,0.0254,55.5,0.016570599999999998,110.491
500,12.7,0.0254,39.6,0.013025299999999998,127.12700000000001
630,0.0,0.3048,31.7,0.00331266,129.095
3150,3.0,0.3048,39.6,0.00495741,118.92200000000001
1250,0.0,0.3048,31.7,0.00331266,124.355
2500,4.0,0.3048,71.3,0.00497773,123.775
4000,12.3,0.1016,31.7,0.0418756,108.40700000000001
200,19.7,0.0508,39.6,0.036483999999999996,125.97399999999999
1250,4.0,0.2286,31.7,0.00509068,128.119
200,15.4,0.0508,31.7,0.028985300000000002,119.975
500,4.0,0.3048,71.3,0.00497773,130.715
2000,3.3,0.1016,55.5,0.002211,133.649
250,12.3,0.1016,55.5,0.0368233,133.29399999999998
4000,9.9,0.1524,71.3,0.019300099999999997,115.079
200,7.3,0.2286,39.6,0.0123481,130.989
5000,3.0,0.3048,55.5,0.00452492,117.309
1250,9.5,0.0254,55.5,0.0043284,132.202
1600,12.6,0.1524,39.6,0.058411300000000006,110.78
1000,17.4,0.0254,55.5,0.016570599999999998,126.001
1000,0.0,0.1016,71.3,0.00121072,128.825
1000,0.0,0.3048,31.7,0.00331266,127.365
500,0.0,0.3048,31.7,0.00331266,127.315
5000,4.8,0.0254,39.6,0.000907475,135.42600000000002
1600,6.7,0.1016,55.5,0.0052139,133.653
10000,4.2,0.0508,39.6,0.00152689,116.96700000000001
2500,11.2,0.0508,71.3,0.014072,130.541
5000,8.9,0.1016,39.6,0.012459600000000001,113.08
400,5.3,0.2286,39.6,0.00614329,131.221
6300,12.3,0.1016,55.5,0.0368233,110.124
630,19.7,0.0508,39.6,0.036483999999999996,120.324
315,9.5,0.0254,31.7,0.00461377,122.766
1000,3.3,0.1016,71.3,0.00202822,131.434
4000,8.9,0.1016,71.3,0.0103088,120.243
2000,3.3,0.1016,71.3,0.00202822,134.034
1250,11.2,0.0508,39.6,0.015047799999999998,130.05
4000,17.4,0.0254,31.7,0.017663099999999998,121.99600000000001
5000,4.0,0.2286,31.7,0.00509068,115.969
500,4.0,0.2286,71.3,0.00400603,126.758
2500,6.7,0.1016,55.5,0.0052139,124.273
250,12.7,0.0254,71.3,0.012180799999999999,119.698
315,19.7,0.0508,71.3,0.034118300000000004,121.235
1000,7.2,0.1524,71.3,0.00752039,134.273
12500,0.0,0.1016,55.5,0.00131983,119.91
800,12.3,0.1016,39.6,0.0408268,122.315
5000,12.3,0.1016,31.7,0.0418756,107.147
6300,0.0,0.1524,71.3,0.0015988,125.427
1000,5.4,0.1524,31.7,0.00525474,128.241
500,22.2,0.0254,71.3,0.0214178,117.96700000000001
500,6.7,0.1016,31.7,0.00592927,130.20600000000002
2000,15.4,0.0508,71.3,0.0264269,129.285
4000,1.5,0.3048,39.6,0.00392107,117.741
1000,6.7,0.1016,55.5,0.0052139,137.233
800,6.7,0.1016,31.7,0.00592927,132.886
1600,9.9,0.1524,31.7,0.0252785,117.119
2500,4.8,0.0254,39.6,0.000907475,131.236
315,12.3,0.1016,39.6,0.0408268,129.415
5000,0.0,0.2286,55.5,0.00229336,122.41
2500,0.0,0.3048,71.3,0.00266337,125.571
630,9.9,0.1524,31.7,0.0252785,126.04899999999999
1250,2.0,0.2286,31.7,0.00372371,128.67700000000002
2500,9.9,0.1524,39.6,0.0233328,116.295
400,19.7,0.0508,71.3,0.034118300000000004,123.865
3150,9.5,0.0254,55.5,0.0043284,133.252
800,3.0,0.3048,71.3,0.00425727,129.494
250,22.2,0.0254,39.6,0.022902799999999997,117.38600000000001
10000,0.0,0.0254,55.5,0.00041229,134.563
2000,2.0,0.2286,55.5,0.00313525,124.61200000000001
400,0.0,0.3048,31.7,0.00331266,125.045
1250,8.9,0.1016,39.6,0.012459600000000001,127.71
400,15.6,0.1016,39.6,0.0528487,120.484
800,3.3,0.1016,31.7,0.00251435,131.362
3150,0.0,0.2286,71.3,0.00214345,127.834
5000,0.0,0.0254,71.3,0.00040068199999999997,136.83700000000002
1250,0.0,0.1016,31.7,0.00150092,133.063
5000,15.6,0.1016,39.6,0.0528487,106.22399999999999
10000,4.8,0.0254,39.6,0.000907475,126.066
1000,1.5,0.3048,71.3,0.00336729,125.992
1600,2.0,0.2286,55.5,0.00313525,126.75200000000001
1250,0.0,0.3048,71.3,0.00266337,125.95100000000001
630,3.0,0.3048,31.7,0.00529514,128.69799999999998
2500,0.0,0.2286,55.5,0.00229336,126.54
630,3.3,0.1016,39.6,0.00245138,127.251
1250,15.6,0.1016,71.3,0.0437259,123.178
2500,3.0,0.3048,39.6,0.00495741,120.162
200,0.0,0.3048,31.7,0.00331266,117.195
800,7.3,0.2286,31.7,0.0132672,123.209
1600,9.5,0.0254,31.7,0.00461377,131.036
500,4.0,0.2286,31.7,0.00509068,128.939
2000,0.0,0.0254,39.6,0.00042846400000000004,130.026
10000,3.3,0.1016,71.3,0.00202822,116.694
6300,3.3,0.1016,55.5,0.002211,123.839
1250,5.3,0.2286,71.3,0.0051942,133.38
6300,12.6,0.1524,39.6,0.058411300000000006,103.38
800,0.0,0.1016,71.3,0.00121072,126.805
800,4.0,0.3048,71.3,0.00497773,131.755
1600,1.5,0.3048,39.6,0.00392107,122.211
4000,4.8,0.0254,71.3,0.000848633,134.928
8000,0.0,0.3048,39.6,0.00310138,114.779
