x1,x2,x3,x4,x5,x6,x7,x9,x10,target
0.23196066722112074,0.17871542324885015,0.7632559875768579,0.12734004880893646,0.9098597253597356,0.9493971828560179,0.9313152031994532,0.6462349489124725,0.5450667328222345,1.537044815421861
0.855469026878078,0.19961709383297266,0.9870470887350424,0.7145748431004604,0.367874011628734,0.43609493937507726,0.8110587697083047,0.13995503150427724,0.14074764602638945,1.1942033405994097
0.8969883901162882,0.9997622430777269,0.711128072413412,0.9671889408088961,0.32697982651964785,0.5102828478079753,0.1888759999530334,0.7149456069238009,0.24002340154649981,1.9596471547097
0.04652318923498411,0.1836378803732901,0.8625596701445307,0.4130596494779576,0.6379545340411049,0.5580705630772264,0.28012277431411314,0.22985560075329536,0.7576574565245191,1.0885641201903693
0.11279184571964262,0.8408600982107961,0.37127408363703396,0.36399424163826755,0.06372666785581782,0.9602528214008178,0.39200479895040374,0.44182736753379714,0.3567477084973063,0.4378994941702544
0.8179969310431432,0.9981453312831007,0.9242983872786534,0.5317487858008085,0.4272104622576569,0.4053186651818732,0.9573244748329257,0.09292787577571127,0.27926805379340314,1.658525182253666
0.08541480385186173,0.5817018548739586,0.010002694142508761,0.8838353120065382,0.19421220255342653,0.48758256192168414,0.7822785974287629,0.20319159412372967,0.9392983533731581,0.17137914734333365
0.5139001821732914,0.1628916293866608,0.1204158567178858,0.3634957036542539,0.3955295809110879,0.6670886589602779,0.7189056265026855,0.9261223255174609,0.26201937610675474,0.7545334293275682
0.1395124615005361,0.7529935203203427,0.6667075509469593,0.4148530916069464,0.11080461163956346,0.9018785104868339,0.2157293843172391,0.3216216296592298,0.15056254623121224,0.5817814273119218
0.7807012985626708,0.5931954763823823,0.5740622238053682,0.3708140346509392,0.6797474086239566,0.3380565400648765,0.5164174843974264,0.20266104953706043,0.8250964892298089,1.1476010285517992
0.08875955971283456,0.6090816000127395,0.5408001856249228,0.9272002984027734,0.2153878096918136,0.165600936256168,0.0945775723188681,0.6426426590476784,0.52904512285424,0.6439348031614898
0.01806815067952927,0.2762278065810856,0.9983554090425234,0.02043232807448392,0.3098811624834852,0.8842223424087926,0.5763755542466685,0.3139477107806158,0.08668660214922774,0.3791871345068807
0.3059638551622894,0.022998977113145247,0.16845280597345458,0.14158836029884403,0.7668226719482226,0.6382393714384135,0.6864132685217226,0.0629931627342386,0.2567067792105362,0.5611332790644215
0.7383197330192286,0.1671203437058112,0.21101996930391953,0.5541441920127778,0.45999532839090773,0.1426153504774631,0.3016135447967049,0.3973010520499548,0.7698681845355392,0.4175689463641506
0.9514850980291002,0.23057319824312372,0.8279771384810146,0.12945768348125553,0.12687261738415767,0.4003365120432122,0.4473273183416332,0.4010922772495895,0.6657562096072789,0.768759581704713
0.830928034146761,0.6631031524706873,0.5692241728119578,0.3586836410096238,0.8640414935540012,0.06789876703149667,0.9511193156378641,0.0382458073240558,0.2020514646409799,0.851865071203566
0.7140442121825287,0.3525190308821058,0.11484016408316411,0.3077075851570539,0.3777476420116266,0.9813936447128587,0.809154764147235,0.3939898814633894,0.7541257624538636,0.9703994718808396
0.25998411639485,0.4817944808209952,0.41955556118531323,0.8905855855751813,0.9985590125281921,0.907131717548882,0.297787755166963,0.034842313340436526,0.4386853849201299,1.574391311351978
0.12619942627268366,0.8632545590860818,0.16240999580867965,0.4369420271738861,0.2642132763097591,0.21378531928412825,0.2999827339381025,0.3158695455557141,0.2248678614503704,0.2561565892955962
0.8410400234296823,0.22576895170865496,0.047371644560255,0.5981709231528045,0.1874816172843229,0.5500307686639778,0.4385060828326134,0.5893325260593012,0.31035424720209104,0.5467707931941637
0.5436115042878512,0.954701642492911,0.7270308290226601,0.50390146234109,0.357237633939794,0.5599802240553524,0.34195627399308715,0.018466383443079604,0.6784616609047257,1.3650347152318862
0.787671431797266,0.15834401120535335,0.41506591450778096,0.560651032151132,0.3709124567275015,0.32151755422689055,0.0927920557634857,0.041041293083793895,0.904574098850627,0.6004010449984672
0.5443192046800999,0.4929330459243192,0.8726160863173864,0.4314183608160729,0.9600090701855302,0.09141016719934458,0.6415335386716862,0.2520798761499614,0.1339744265303746,0.8312427635706839
0.6281368358369303,0.7501846279376793,0.6946417911535256,0.5990098206994269,0.7077975058901644,0.6940363686715386,0.7069048871437135,0.6186668760812332,0.6804550866496419,1.9813135057604454
0.20416512750917148,0.43144639598767776,0.7513555612128726,0.574167070030602,0.6606652837565853,0.7568574881563038,0.5839207247603986,0.4932015685240746,0.19189524569500227,1.1874419312285238
0.6265290383456852,0.18919828996133048,0.8716792596101631,0.21555419306481371,0.891164366069086,0.5598190168919364,0.4988028752236041,0.7875772159683911,0.3115618447641578,1.2034891572311839
0.3445228545767698,0.6022943564389658,0.9305581534111836,0.46505731336431744,0.558973424653604,0.9766654677149429,0.05677225334880265,0.362212240744201,0.5770227228912291,1.7177053666095277
0.9656525836514572,0.5444920986238191,0.7657964342871657,0.10282885360273952,0.7756641802867208,0.30383877443029317,0.12167669693186811,0.28261886213048604,0.5975060141685281,1.0124469041587882
0.8105827455793453,0.5076120365542851,0.9302629363471554,0.1921438059567233,0.31564516723356995,0.9003018471886981,0.01641483488304929,0.7493104600396183,0.9927608664572146,1.7158062976136597
0.5240109040795458,0.48918964669845943,0.052853537249498816,0.14698971444845066,0.6665355044475512,0.2536072045044402,0.38001941243692305,0.11477680247742217,0.9959162426720426,0.4693531403990155
0.4280615317494927,0.4746369264318856,0.20326559742953176,0.3683770726466382,0.7185175019132723,0.9000597616844608,0.4055836933383705,0.6049336456052996,0.3695949627733697,1.0974041435141806
0.9416972357778417,0.8139444241639392,0.8282858380416176,0.1057400460461334,0.838495893387143,0.22384771077823307,0.3273980564932486,0.6534706551824724,0.7065015624567732,1.374231395549884
0.24036053962030346,0.8576715880870646,0.6266252026794373,0.5015639648603847,0.18851959792460127,0.2498963593532061,0.5230050875105124,0.48076412599923934,0.7468569660453729,0.7449414886679956
0.40747908217583595,0.884769682943473,0.7681568054461446,0.4076809375289937,0.7673616229538884,0.35915605253048755,0.2482696943873589,0.835209876723444,0.025523094539437352,1.0408258786923457
0.30225168684331283,0.2079365795639957,0.8100764127146193,0.44614960757432376,0.28573912553257985,0.4214590192331289,0.6322421680560172,0.8714837014973339,0.5147451929179424,0.886970285388276
0.08622176472217746,0.38778157372238775,0.2783052716829586,0.6915106898572115,0.9330716304982506,0.8858470520014978,0.7528448155544382,0.3810971916817216,0.7745727386126751,1.2681426576349377
0.35785022769990515,0.4057462443207549,0.9787056432239819,0.5485411217610732,0.9874251692812329,0.781119038619773,0.25095215270757265,0.4599006193319112,0.8817957513884799,2.168774026537863
0.18755318887309969,0.4055436385328385,0.11685646987700282,0.3680347637453375,0.9178786903324011,0.24778517978828862,0.23404628598691546,0.3551120550478828,0.49686784093660097,0.37647998428173646
0.6724663900094656,0.5640215072947538,0.9929856719027812,0.9467209685405706,0.4572287026681521,0.46763277705928996,0.6014106251602479,0.4725477272393769,0.9004963399616627,2.1424405876823953
0.9688241324722116,0.7769942234382712,0.34554737546743153,0.13048739822392885,0.23890008773694238,0.6836233540176118,0.8356914312611399,0.4805244796429351,0.8794518526142231,1.5579767621838931
0.6869473290500898,0.1720274539729406,0.8459010875840537,0.3655037068595275,0.620363990943999,0.22104297633508907,0.4915961824661661,0.5038718795547201,0.7641279413383887,0.8775157847973748
0.25536927277039223,0.3336022596781155,0.039595114207890525,0.6749040285532188,0.2633422579683399,0.14575867622387628,0.9460982465969686,0.35474105257782784,0.21478296769583283,0.23724567783119827
0.38650750187159466,0.6821268041713126,0.7948571713347857,0.6498997323168364,0.9286382234486381,0.38615180573973285,0.7190169767912297,0.6464118264151497,0.9801275067293933,1.6192972475680643
0.1850992737796956,0.7884131336415202,0.1891025865707553,0.3821526781225191,0.8450376329915058,0.3146776930134909,0.6787775197440546,0.9301470550288595,0.2545264320496805,0.6161260104940508
0.46027960717570915,0.11857948554034359,0.845230510632623,0.3967431560415323,0.11238006041783033,0.18449000192435527,0.22964703388964502,0.6410010194572611,0.6469264264812332,0.5792866218611367
0.49175949577164446,0.5694220243898664,0.6441084439388312,0.8941297779650592,0.1111817924483689,0.37865964838819366,0.48989507863449566,0.6732182404370312,0.14953064144011907,1.0966908731604152
0.24518540950428702,0.995666595853314,0.4650578284107497,0.2555770892422027,0.8598606294885814,0.0209422988367578,0.25801100266100163,0.7589275106035513,0.4898178445403769,0.4337691876275608
0.8241035127951087,0.13163677642237026,0.2597576715433031,0.5034217211859165,0.2625767694886676,0.18354637239886806,0.7773161889385276,0.18604322469246426,0.8110170443455835,0.44528956973231165
0.0625400146244296,0.3300778878689855,0.6815659050191833,0.799947926089206,0.43745449040537,0.18043541789783724,0.49836467262019846,0.8205541481966244,0.08222012566590509,0.680478723610444
0.994332974098445,0.24877651588419547,0.4463169291654979,0.9527481510151424,0.18183559487110978,0.11585611322698763,0.497840588573216,0.7025366416724584,0.13780961610252573,1.0485562276761276
0.17991263663467638,0.6460645058075142,0.9648404491487059,0.6823792041632959,0.7381393344923859,0.13292489541878738,0.2938151824282459,0.4447376894668309,0.12813936993711517,0.9126826706871236
0.4945871735988,0.6223244065933504,0.3424495058399263,0.25421343999510637,0.19295822362728743,0.5776446937698163,0.8276575938489404,0.21228554789944598,0.01785125560634604,0.5967403016638042
0.8049551165411759,0.8442103415391113,0.6198796118509181,0.5094513496566142,0.8610281965952347,0.09197600019595142,0.6238204756506246,0.04276524260290704,0.11446471135874825,1.1025444237493571
0.12266081493096614,0.009613990421123209,0.8794240236126758,0.9713477026954944,0.5763862295756471,0.37423636251997083,0.03074610415743162,0.29095519455769536,0.6976388356118898,1.3018093673007978
0.33928589385999985,0.4447401768976956,0.26117314012628334,0.19094204443098217,0.18166583528703495,0.7873406752643665,0.476080628958209,0.6317393024672453,0.21855797960045498,0.49078170273725075
0.432219624835926,0.06778871398653974,0.7781875887077565,0.5880336115514283,0.8952268073010027,0.12435465922828415,0.6565969206896565,0.7618766939231493,0.026581226166275118,0.8170140852897608
0.6192007799746692,0.5818677158058168,0.29172934341656565,0.9652154459135555,0.490297136067412,0.18262539325226756,0.6451360496259522,0.7091123470526478,0.7074892708228614,1.0523765759910122
0.9204233692782416,0.7303175867946379,0.03806515204746408,0.5088200394430752,0.8177772357025492,0.17880864717007028,0.9939268348579253,0.8884821837019723,0.35818813744271627,1.6530465447339135
0.5664222090157623,0.2312986804278757,0.7523897075476874,0.21354784668236237,0.3940629805725747,0.554469552271267,0.294764854062626,0.3483912749469822,0.7894914055033377,0.8977055183871401
0.40448562204004435,0.5946550267150801,0.5463120400332,0.7612326237072823,0.9853274910626476,0.578411736872226,0.9303090395625337,0.5146513859015434,0.019106082567397098,1.4260239179003025
0.8686846468079947,0.3450906672052172,0.3410964994612238,0.5426776788355381,0.222285115397868,0.24144080373933596,0.41613155202878305,0.30493483544338473,0.8211318411620884,0.716403119247456
0.18642378047203068,0.9492843210223387,0.008938821290815469,0.45027653221047526,0.9082502724624678,0.3255093992310556,0.34279909703738576,0.3809713160963867,0.5357575249753159,0.5025433078510703
0.37939385781170254,0.42494096925549063,0.29808946306563944,0.3454691151063405,0.5280734255474192,0.5615099989433168,0.3120984674685071,0.08559756630927962,0.9120196741323368,0.7235087109395608
0.47374969310242143,0.04992380648475292,0.7492303573474016,0.3515973737443596,0.2138997020353267,0.09060242712930999,0.8751812515003157,0.5464487593735647,0.45009443059557097,0.5635788591901851
0.585104597557783,0.511792292836617,0.30291761582978116,0.8230142254801869,0.23714861415586352,0.415211194776098,0.3780108404022282,0.9897239568279633,0.15635225616651138,0.8857925291137512
0.47483098178954397,0.47537686366525267,0.0060242545936366465,0.22919871252885093,0.6902736223079597,0.7485925998727457,0.3177514644066025,0.8822390854984216,0.7313823453575816,0.8802471441872838
0.08220480391861751,0.11714838685343143,0.8878124589594751,0.25282155937582773,0.8583077906261943,0.5012115616370539,0.9228713565550003,0.8536487259699441,0.9065605049528724,1.13244666512787
0.7416694628800681,0.549379975029151,0.5578324802742537,0.4807000449804457,0.3106652541533568,0.49968516610722324,0.1859023433893685,0.4545082154830672,0.3144900801356266,0.9811711521798119
0.49808108381762983,0.42867513091965614,0.06765178871692235,0.6424042838604141,0.2877011314843758,0.3003662865774783,0.8672610389615916,0.33034482487747396,0.4474001831951525,0.49517964430664585
0.832721850328305,0.40159001666238603,0.9086989769250745,0.6373913124331986,0.7686815046546858,0.19333310735888365,0.9913184545650391,0.019467740670043532,0.2599237643489831,1.1239554957550308
0.568406997292274,0.6878447507581328,0.6031661761341103,0.22267580091291217,0.7239441473879417,0.22858871225107602,0.49676928055267133,0.9427526691572232,0.9300627607435366,1.0852083556068222
0.6839728163349588,0.5349085229585053,0.34424848736077696,0.5185384126296763,0.3294397735363438,0.7125601725077334,0.22063397399968254,0.023670103410736498,0.0672133315777309,0.7991738942172076
0.82623460119742,0.23553263159331594,0.3036964849488396,0.9740001782466369,0.7687895294095608,0.10217928221197703,0.2626390971009779,0.15546418081146152,0.9838619560762991,0.6332266659390091
0.8173156000050222,0.2433997079186524,0.9731147248697143,0.5959635727991364,0.5342686336968882,0.8231658767146128,0.2780938301015412,0.7501560885904125,0.9541152838331042,2.153449890969182
0.29071749996733076,0.9498016018279103,0.2057460364263075,0.9527570020757699,0.7516240730222069,0.800716952920207,0.2335836617776217,0.22653750232806225,0.09080573297028904,1.1043312420274505
0.8218076143149705,0.2750719174439359,0.8823312020167591,0.36806839095937127,0.5855980627260391,0.3977523832906962,0.3257402769433704,0.6289892766038229,0.18344442486953982,1.0164949593866057
0.5769791184303402,0.5987141964708503,0.9907725169910199,0.08424091376057385,0.3604032641973013,0.6613196781730005,0.1174316327428433,0.2754695322065951,0.16825602445448606,0.7961598140388126
0.4437396750812508,0.33125708457636716,0.8715870302955726,0.18508364966869895,0.28532495838439365,0.700799297876963,0.4005741379453721,0.4304548897719337,0.13186589592527675,0.6653222699862252
0.4008699272559858,0.2479234304008151,0.9489181359401687,0.35014098995836695,0.5178949945978203,0.3735957249313836,0.21528072185186697,0.6141961865385898,0.8600632009629777,0.9830309222392686
0.17685219362639548,0.782113402364991,0.38702121555213764,0.9883982182948499,0.0410189663077416,0.3230673546455167,0.3971081271690924,0.7183183231388395,0.6364993794021225,0.6641325483931781
0.4151514151176917,0.9089798318083432,0.40146359880252636,0.9496837045616152,0.5181499276280025,0.9894641334619345,0.48996531295822954,0.5053251576578693,0.712245682655643,1.6570346379031116
0.6514875776041398,0.2556725007796933,0.8572560252760498,0.4080647836165129,0.4754395856111645,0.10072357936792498,0.6224983499952726,0.760119902250013,0.991035944841159,0.9581098977667544
0.1324882222816982,0.445250740750713,0.15957931665563918,0.6455539131731404,0.13934798327980746,0.6731765550900825,0.3778151438327191,0.8212785596938977,0.4859464328049856,0.34912611508200875
0.2825134034336314,0.5277695791205038,0.8147237390772162,0.5942279808591439,0.6035756651098227,0.31720788511221343,0.03677748926984048,0.5907295348007557,0.4082316798497111,0.9363324281568896
0.6395192380359513,0.7019446442071544,0.7395685787801206,0.6686714072821496,0.15606521275141483,0.8340429473839923,0.944447804136504,0.1254741545824668,0.8798845576693191,1.6921269235785266
0.717864320783144,0.770188816596154,0.28213522332617547,0.6769447318068544,0.3110685396862106,0.8817169630086341,0.7259005429372909,0.5637940017523531,0.6876579209487046,1.4830115470009386
0.11044065028394046,0.7396659425416956,0.013975937164472985,0.25433498918375064,0.16954391885976827,0.5362511945525646,0.11092901663498389,0.4024318818005719,0.594924155031256,0.18555083509222564
0.5188461717213291,0.411469962487399,0.10277470365415142,0.7214021598772498,0.018784708770638314,0.7618099473301713,0.4951133640299572,0.8194998928179223,0.6030751377567736,0.5596789491226603
0.7176402393370621,0.07890962690245984,0.9589718906004429,0.1302718645496933,0.5742503471431487,0.8395693828377673,0.7786614999743602,0.26518577450958325,0.8044316692177241,1.4595310800160493
0.9389807158590402,0.22197176778956695,0.39261297387253224,0.18677032031809992,0.4963397655161196,0.31314769737753423,0.4817936354575011,0.8645506743721877,0.5035099534956133,0.8902061177390105
0.9555544419147389,0.3450803549209527,0.32386730000169317,0.8411447689386579,0.626915736443969,0.20545650986271125,0.35427554463542144,0.1757023236026538,0.7270685365881546,0.838826311962205
0.6650254511608416,0.07285473084605143,0.9028093706350541,0.7316594795454365,0.49795742478543725,0.672288476048592,0.9012043875595249,0.36545231637397835,0.7615242002487882,1.725000459725618
0.6492079842003184,0.5522763296123105,0.14812325259963954,0.4980906876199436,0.264352728822123,0.9155167548134253,0.06068784643342029,0.38784646021664604,0.6508846571677191,0.7778871693257376
0.33003311793844403,0.7830871187871133,0.34634611054511255,0.2860657828733437,0.6793917844198374,0.6733250007605325,0.9755219562728371,0.4375762093249169,0.2540387536615345,1.015096306515919
0.32253608737813955,0.6228487148575588,0.09676195479761884,0.5713089269267433,0.7625022288733758,0.09959713463641873,0.38984691481126654,0.34965260606521875,0.6237158584192596,0.38209128937861514
0.40535865088296785,0.7969029137526829,0.17383613761525407,0.5753252715910141,0.5804307309239312,0.5592965549530553,0.10549122715342851,0.9932853465530177,0.828153872290959,0.8706694216359943
0.8814797231424979,0.12324027259478576,0.8094282389826651,0.42939778626578606,0.061221531235922666,0.48169742571331775,0.8419550522136128,0.5588971955492692,0.7321942445755132,1.1859675857006382
0.19214812908519696,0.8487379149879778,0.7584042804129211,0.010551002340728699,0.9108855881678936,0.02476076503835456,0.6242679751170644,0.6655776800530955,0.9465614977508932,0.29125204093281554
0.4758360700729817,0.5538792181542497,0.5209413292403969,0.30152463878172997,0.5813758999470501,0.5663597818271906,0.8690267151576865,0.9254059273874462,0.12449518315147945,1.1692999147861172
0.879333893190872,0.331545563945843,0.3172630402980623,0.6498660404642415,0.21253304242199778,0.5839630682875131,0.4797331035349569,0.7811678382320505,0.5610004924427126,1.0552978770788983
0.9393232643570607,0.2855552928774632,0.8920039889535285,0.8863767540680428,0.6495839744073857,0.7265285324131266,0.2597396428517763,0.12256238882788972,0.5034392647624683,1.8869863770902988
0.4765975997269877,0.7578168146274472,0.8770358086979946,0.60387684994308,0.2069907807944823,0.0326255584638554,0.48084371324648056,0.3616828735198948,0.14846985913592903,0.9846832583087266
0.47079862234601133,0.888172914491304,0.09293342784866065,0.4917143732488308,0.9867873066104874,0.07787103285867059,0.9591914780601417,0.45155338476399953,0.5435094872618381,0.7485379137252967
0.5425272408482895,0.5415827143369073,0.12715386011050422,0.599629564306329,0.9759293288821232,0.5340677071141658,0.022780737665239137,0.4809003447404333,0.6412803567339417,0.9407730184785733
0.9935539405665289,0.5441990935167037,0.9754996657033976,0.6834278080993305,0.5624939869882368,0.9998150174817408,0.25444233261432414,0.3965998653165729,0.49695286506320924,2.354713677405954
0.4103450553595669,0.7426997583232438,0.3773236857969514,0.16032885340314573,0.721740929350535,0.9998474030665897,0.24172803578698243,0.2129493070005376,0.6331965193159079,1.3468962745495163
0.6415358498587539,0.2645896490229913,0.873235041102895,0.37638450990436945,0.5299659027453494,0.9179851070792173,0.24956664375317017,0.26875534377849475,0.7785813828156043,1.6520699112439432
0.39372797578540775,0.8737717649503495,0.6803576172642901,0.46775476243847636,0.06656484636977,0.4462261543642634,0.916339474620605,0.2507669927164232,0.1551046213029561,0.8295344567409785
0.2304187259955338,0.7424284711447279,0.16929534012207526,0.07145353342638561,0.19775065983249285,0.8002033281716845,0.9283991249575116,0.017250936246618,0.3149801197280322,0.3877678141214961
0.18209984149427716,0.04846003846410063,0.267092396774689,0.4881657427888202,0.4540646125626179,0.4694029026594754,0.9716509804198393,0.225451946826691,0.4648278867556297,0.4505173787232797
0.5900550280075418,0.1379847024112364,0.6916830324918035,0.7987039752555646,0.22649463902954237,0.5839391833414836,0.3822641024416521,0.1408636377128606,0.37935998301023144,0.9511242190181584
0.863934354787186,0.49022433029099044,0.3994897008938225,0.1486959975596709,0.9709158602678851,0.8996719110830526,0.8074040357229813,0.538120350508224,0.40269779626547275,1.8765260340277972
0.19628455416322332,0.8059764328234575,0.5146793521316809,0.3044947872811449,0.23182642831832745,0.577450161671514,0.5108323058546393,0.1946820267858289,0.46702980229177615,0.6071086258316789
0.7013633039875989,0.39281150731815695,0.5697108944705277,0.6605965979705667,0.3772060133409705,0.9226078480803003,0.2828478813440035,0.5762760105185631,0.6167853797755196,1.4383815864871625
0.9154569166975852,0.8562940720270433,0.12314484322480779,0.08914597294216231,0.19604936862174294,0.16699459873996325,0.03087443235794407,0.4148045323569254,0.08160715574031063,0.8410197192705867
0.1661533964212918,0.027291253109787528,0.25840089498155483,0.05634977527590035,0.911711081622829,0.21761107891207776,0.09045266307442068,0.4725780116976077,0.5900218808545475,0.2577736418811346
0.486718853119503,0.9810625867520644,0.10850546616120949,0.9273308447706211,0.4550736904575984,0.21524264272562288,0.719705917172153,0.5396620561892801,0.5563444683976791,0.8781074303176891
0.1405200840596098,0.7525488100025027,0.21454689585618725,0.613795925183523,0.4229084844337899,0.8711174276204221,0.617968416008018,0.5649017131071913,0.811285742785199,0.806519225806888
0.23641996468336313,0.9142041753889248,0.022139804044532196,0.08402498692416915,0.8576964467855721,0.4889591751494623,0.8909215598730956,0.3467153378489072,0.7499852482332754,0.7185231198154429
0.5197846356194529,0.8250149512029994,0.41870024270180917,0.7574515224602343,0.9448107845551428,0.20307782801767527,0.09444360542735886,0.6615839798929576,0.7215399589476896,1.0316743639166233
0.6567835899623469,0.9190683607965978,0.5036612213636115,0.7345243308308358,0.5455242063844674,0.17592567406893578,0.9884734361620885,0.560769016326508,0.3507049929481544,1.4646856583734478
0.6330832563715123,0.9180242123169716,0.9124823672588207,0.10092839697114231,0.5513477314258614,0.4619216985320489,0.5367894796066135,0.7660051157892123,0.04343291375776959,1.206580775728889
0.42662775252016416,0.6331410729242138,0.3367240180375648,0.9536297105401146,0.5442553400661232,0.3486739142158065,0.9409335381592597,0.9214006039144368,0.418218676531669,1.199971305059513
0.25487495504615143,0.44277914242026173,0.11948460233809655,0.93912841171136,0.1747576222352899,0.8040952412708531,0.032497042715255,0.9779601570237754,0.01836330929785468,0.37545089620660366
0.5681761392313022,0.910803206375546,0.20174253271998543,0.023078462732392335,0.5510066609747606,0.9924139129126874,0.4879661561897044,0.4801406497913713,0.3735329181446071,1.2768843860302397
0.7334871468459977,0.9847880057174496,0.4478103687525993,0.1658940559060803,0.325221845218583,0.5894448944136491,0.17132511438384113,0.8270637994879366,0.6896993596973341,1.2743042833515639
0.24245433925623217,0.4609183235729629,0.13543689459127983,0.667009979491609,0.9782812970314525,0.7196894076664393,0.18531547490084532,0.5587565747434443,0.7203058011763104,1.0014633363554974
0.6969455417958278,0.6441050439931577,0.4048575542975351,0.8196710443304929,0.8143575488059683,0.4310133190764971,0.7690411908056496,0.43731290110985754,0.9761441405889922,1.5364821720096855
0.5007615322162785,0.5269163221013559,0.8053641446231683,0.8154508047002649,0.02305344970814316,0.6815010448483452,0.28216970627526183,0.029681089498846847,0.9565536954219319,1.4655098638558932
0.2342256429168872,0.01999820979339728,0.5502383474565823,0.6750107547893346,0.6923023259698953,0.6430982718281082,0.6614712849201799,0.05006059471173241,0.2983151848024145,0.9346364050875798
0.7292244500131236,0.0727699472460841,0.6298924636461904,0.08475137899230833,0.03864538870638268,0.12750030761162934,0.9555145237743118,0.3517351628341554,0.09968554124988827,0.36446670049343205
0.7452070515571537,0.9134337901321476,0.38391877567287513,0.16532127369172978,0.618432491670785,0.3395722586089245,0.18413352808295136,0.783864072199225,0.016420524089128086,1.063870423626306
0.1155867548515438,0.3522582735579688,0.9159337613999321,0.9250589812173953,0.9414097281936215,0.9039125883006147,0.2802129173903979,0.6352248537452857,0.4596928226818737,2.1401262290768175
0.21432072528737056,0.3486960793346543,0.7891810273248516,0.7093710210558566,0.29025475859203853,0.9097978907634114,0.27734037443311066,0.011560157524800552,0.1702550781942176,1.0215575829914176
0.21362324635468066,0.7548457971736005,0.7398537842934834,0.8686230714929193,0.3287534187341622,0.8982010370366028,0.08951270525362331,0.07692729027002654,0.3205245827103732,1.3136649255982007
0.22588877299003363,0.3732936862424362,0.5906113734024212,0.31917701538184096,0.8653043580713244,0.617460574457841,0.5736235163342873,0.29249391711474193,0.5944888329213831,1.0618214208566137
0.19919463819146843,0.40542634470881334,0.9431320295473138,0.9628266045287005,0.05831801155015248,0.1843765519037669,0.41210334833776474,0.8895805540898015,0.2034566424992209,1.107987784451697
0.4303493282577393,0.196345467625623,0.3691441038362121,0.9956156820701041,0.6660301194637285,0.8120809296234812,0.12209152238750598,0.9787228879107123,0.27558006802380597,1.126929203670307
0.686927711068305,0.7896528278221215,0.06427863444002457,0.15538774387183774,0.2772405759124805,0.6283821696334189,0.41058356876836655,0.4531914975978124,0.9280742401024518,0.8919405990500979
0.4789076893352523,0.7631659637116264,0.3471000245683594,0.7250806423472238,0.07858685921941311,0.7944600039225836,0.5863855939752814,0.3120915441248464,0.7634425883821991,0.9777633513283928
0.06680149187773143,0.31737234664726977,0.40507945340131246,0.08243324184861911,0.4702139896768307,0.5527855780216338,0.8610548841621657,0.40038116965127435,0.160761121507488,0.37354826066573854
0.20169870905595066,0.3646866437995139,0.2497124528608532,0.8817805058991423,0.9848836531258234,0.30898725407341854,0.6991894182141571,0.3335036992074155,0.8848380624126599,0.7133697584891974
0.7889573163548749,0.5941929063324546,0.8572157146629349,0.9538526196106878,0.5295539247604488,0.8330396382009682,0.08946893897266017,0.4105536263593167,0.09140772561393495,1.821843295474145
0.22560965412513867,0.72153908084321,0.7205363947562152,0.9252306302182902,0.338267718020022,0.6707466785449445,0.33598573007360233,0.004936368003605973,0.2559884104410741,1.180433189662369
0.907125304702433,0.20078854519687528,0.21489012118723694,0.2373304592646972,0.15218512219666225,0.7438699435775079,0.4396117261345823,0.019656818886616967,0.6958862458668464,0.46542271009480524
0.45092769395791155,0.7181069213369087,0.9234234806979337,0.22241147737942113,0.7590142735892587,0.7411026135171181,0.17824118425063906,0.2309563247631916,0.34026273242716765,1.3431239278766656
0.6766882227187853,0.719751363812536,0.19156228058012514,0.26120912013429487,0.6894123017696167,0.7795414854121244,0.9477153537703683,0.2461423920312752,0.32456143225700707,1.2808306165646237
0.8198154757086712,0.7357210830864145,0.987402457429488,0.6700143751846865,0.1298723146821662,0.004560578231212253,0.7950614311288032,0.37681354903743136,0.43251594353682654,1.5128777894247198
0.3318656706051535,0.5252911131886642,0.16851249397265677,0.9787031717336888,0.6458920095741771,0.35147639870229275,0.650788058571653,0.717693891483631,0.9231258226030715,0.7759440206043624
0.9473898087946833,0.4778128522182178,0.8312203053600934,0.314533701559902,0.4540693586644109,0.599859066252334,0.5585663184503623,0.06571868918759916,0.38496101083746415,1.213223814442498
0.7669985209646656,0.8739416433040679,0.43674683707719686,0.43635080633854617,0.5175327098691859,0.24446079617770577,0.600168082362734,0.9061981435513283,0.7487479481952255,1.4844935794474134
0.7954398201960236,0.6278057153046238,0.21707938790112458,0.13645986657068399,0.1478174260768268,0.5229758819540656,0.6206519270647809,0.45794039223339467,0.12065407860346888,0.8460879362633197
0.24686475960919674,0.4148701707472513,0.7737195557393225,0.7930838174313047,0.5004204067966775,0.4853623446834592,0.327127729265861,0.40997316185927524,0.42192514923121616,1.150481806335792
0.3926928563270162,0.11237709696413156,0.7456571989194426,0.18336173555728663,0.6852121883152317,0.661503519367213,0.5096175882773184,0.862482664240123,0.49719407199876353,1.051971127398308
0.3031420481234831,0.7673489764150961,0.2060347969450389,0.2547642845887491,0.14731917731490773,0.7450606804090583,0.32012179262151874,0.4878914538540535,0.2696224886762508,0.48360324416427264
0.3562521999148046,0.829366947038038,0.17645360866643434,0.5329606087948493,0.7442073234388592,0.06978034023049928,0.17236262653790924,0.5910121461244277,0.24231995607658485,0.4807121899112773
0.5188286776134114,0.66469947936991,0.6384764778301155,0.8931565243524556,0.29700784406738545,0.5970143805187368,0.8147205143565257,0.12363313232262085,0.1208162138567791,1.190754988933164
0.2870735941104988,0.854409020039193,0.13089243111007676,0.11794733627489551,0.9674062723272017,0.6305513824835268,0.41497813774854575,0.3020199345392325,0.7785343593071113,0.9709513260788493
0.804907018895743,0.5104334614917707,0.15670189415769287,0.7800570675431648,0.21667245311137218,0.11160916530581999,0.7271171649569492,0.15010541662835186,0.5273545384975984,0.6543445776507
0.2183542051663775,0.28294776779190844,0.5726515244137014,0.2635463952782564,0.5164498064164439,0.3772269672888813,0.3254589249099671,0.7681235613778545,0.35798457295850994,0.539440508098716
0.7411668179282832,0.8179275736297648,0.0940193300667369,0.06281899822666359,0.025325324498726043,0.21504223724393146,0.8476909683216386,0.5558513948801908,0.38257121283392026,0.9745384114960887
0.10413939380433468,0.31996936363640804,0.7681439590760768,0.10664629679442272,0.1377254387333956,0.18286800371448508,0.17219837549604378,0.04576848765446251,0.34148119204254535,0.1892149551027021
0.2775425863010005,0.44283050877754904,0.18391372218466495,0.750714851211354,0.5910423094104876,0.29896578749251235,0.07216940855279252,0.6407367493883861,0.8552995730659296,0.4975342432830727
0.47463778059562445,0.9955329919041331,0.0401714276880194,0.7941188958809431,0.6094389282254066,0.24645605828140826,0.9974247878018518,0.38274017007172745,0.07903629990486527,0.8365959980714784
0.4503945563946039,0.04361810051839632,0.33811233234607085,0.13749213152255235,0.6443146444759047,0.9251677201307208,0.3320600741698122,0.20879731390230205,0.03273826258778623,0.7037004461257071
0.3891385989366649,0.6285199696870835,0.47263649712785116,0.010294633105467521,0.7848799051063198,0.5434338512250243,0.6964187581006928,0.6655903416050242,0.6745745558023566,1.02961679766191
0.03782104279550913,0.22196556043320936,0.27468890246298205,0.32712441515596713,0.5439103772178564,0.9549139674855722,0.44098295649199193,0.853722662042183,0.3851414727438581,0.7329030426807296
0.03266164941560534,0.8229892178603869,0.04170455425760222,0.021802723970666626,0.8439653254078094,0.28141938269075273,0.06659309055792528,0.4931455640627448,0.555720519410933,0.2728924676521136
0.966869131218651,0.335793993152086,0.5483086581223363,0.7912261481483239,0.012340767370053851,0.5855608579572477,0.00043295959321787425,0.6066588451175392,0.02809679168030932,0.7750062041641098
0.9429718498051131,0.38491582426346627,0.8792731837986745,0.14438560798836997,0.37608479825187346,0.033605336926003204,0.1803091765381316,0.6136963670314953,0.13217827495588552,0.6108079076668813
0.37604638954020664,0.7211830395549069,0.07459702088213294,0.817091553692664,0.5835111276442518,0.4329293106737403,0.4587106758166096,0.7353479698436635,0.4777111010540859,0.7270426836103526
0.9914313134213792,0.21459168408928897,0.5304511316185553,0.19501588257170643,0.5192409174175694,0.34958461153756626,0.48421555970114216,0.8157882698798516,0.8164185765921186,1.0407452017314167
0.9997612150648776,0.4993551345175372,0.06518459536445564,0.4610782766889545,0.03552901348005566,0.0018736581928920915,0.46740497900567834,0.2118593577590192,0.3436239077804296,0.6284001073988817
0.2690437102936978,0.8981706617100496,0.1821399745651987,0.09263464358790974,0.7963727563791546,0.4519634052204696,0.9951136107528816,0.39142422498240115,0.6343483115506775,0.7754665563636537
0.8560483537148028,0.7765496625791843,0.04033564034831827,0.6600142933879514,0.07730558223671746,0.8860845677119684,0.10290524720352401,0.16106891277465274,0.15565735482020304,0.7796376207130855
0.18115105622834093,0.0731780446814434,0.8750530278570807,0.12948354290736386,0.1854664566477937,0.6150021064474892,0.916726164944142,0.5725656210124981,0.29731470430149054,0.4957098598597175
0.9353014801801778,0.2255687349327663,0.0544107180420611,0.018190442121782002,0.893524538608746,0.2178090549949555,0.8897267317061316,0.34920925508131573,0.29965311521219185,0.7007324219350171
0.4449620439925859,0.5507509268347817,0.27772320772678083,0.410215793623796,0.2252125109446077,0.31740296128091516,0.3702112734663858,0.6994998707797015,0.2954248971787734,0.5717431657683474
0.7590958540926251,0.9284527621708547,0.6751062125048489,0.9120682747963864,0.08591967417534796,0.17143762090833226,0.36696976248204494,0.9609976677222896,0.9364974859057517,1.7113469080267025
0.6784052020815888,0.8562345928235247,0.4546816469873529,0.3802384161222213,0.912419060170088,0.9109288837907109,0.6052022107057307,0.5010272233401052,0.7858226748553464,2.11609233490571
0.3911018098446085,0.9739432950839251,0.9791085213987629,0.981569469718479,0.5040289483462346,0.42298257036772413,0.9307436500797329,0.04687370239095012,0.5087616040969909,1.7829337344897112
0.4597880171528156,0.16414150704510388,0.13210664810728512,0.8192132463491927,0.3483409118747752,0.715978662256139,0.756326864578465,0.8230008308305927,0.41941400805659956,0.7589675382479931
0.776312256716733,0.24588371624603622,0.4243000352761638,0.2678328844449128,0.882943871007331,0.20897772596559527,0.617403146622142,0.11265985074475426,0.15288437091972296,0.5565933902497886
0.5268239017830234,0.8532475884013766,0.45547257113103423,0.2290912858253552,0.04884405326579222,0.4886509224884459,0.6686226389455578,0.34357842207368783,0.23605113456680937,0.7512851849575389
0.8884593323181367,0.615798102094927,0.17254150270224367,0.7115356561476373,0.40525292345840713,0.8283497689051957,0.04126448134739513,0.512142254986883,0.16341657701825174,1.0477044988396533
0.8896789689507976,0.357746289289252,0.27018686096720257,0.7702726097873559,0.36206730540240895,0.30549599917249115,0.7949217660588315,0.07359280840416926,0.23636413277493773,0.7085634216039979
0.17489422002067312,0.8356594078083743,0.11044204147417191,0.7250979985465434,0.55761525138056,0.27585559622675027,0.6014411043969348,0.7140633171014689,0.7288094300810449,0.47736984076591255
0.5574023271061157,0.36584974675681703,0.9768091173201955,0.949399759933991,0.0845700811066854,0.3911883714132032,0.7788558748454779,0.3906803477356705,0.12121852349734896,1.3803186894776676
0.2803408506342998,0.015484177474342053,0.34334429145462964,0.663309884120997,0.8145020062563236,0.9255688524826964,0.6537848911531979,0.3762471077827898,0.6678901759353721,1.2671697552239445
0.8392693364646666,0.19217275283970936,0.19796599809889093,0.5041845795424507,0.07291861150998713,0.7316935088391586,0.5114116750742324,0.6536410037742176,0.5219552303960234,0.6706062717647836
0.3170753739748994,0.015458094833431302,0.5990465901402108,0.9443119888303213,0.2956750785801231,0.7327725033314383,0.31381852425710877,0.7967634949734421,0.5320179132890798,1.1000692546511643
0.33208512135540236,0.7312929358199802,0.6544701852606803,0.6769139138591633,0.8919795397732513,0.08916854865649804,0.6791175360425145,0.1430853319873987,0.7179930169638207,0.8395780429139135
0.5516752799883561,0.6002991169877724,0.46858784472895676,0.7728323973191694,0.7222612417449951,0.6173753227920769,0.9661804328095976,0.3163838197673914,0.13251651616611682,1.3461908537142686
0.7466686688487713,0.5997391746709865,0.3494830514586784,0.07180587236768499,0.5695955469674587,0.18946396283237277,0.03484581672716569,0.3066668185280297,0.8553713049441649,0.6454360944225533
0.08258462805780598,0.7925556778982881,0.52578215356737,0.44101164242615787,0.6256613436029057,0.1990370076799306,0.2938828407229702,0.5519976370732882,0.05941598793490066,0.44147371395958385
0.5020174621951907,0.4858954208312608,0.7388464435512091,0.7987653994791065,0.538093396353614,0.5532208144926786,0.15459025513361946,0.5392562567573678,0.0397360789698491,1.1898694248838764
0.3642346589342962,0.8303186563595805,0.8700630293924195,0.14321550661073446,0.043810286986026736,0.9296786808297618,0.7787923827265906,0.9481914013610396,0.48639308202181597,1.1301669999486095
0.3034386875807621,0.8967016460115468,0.7675233563757868,0.4565470900543852,0.1560318754021225,0.7830135517666608,0.029663348451469118,0.20464620332323846,0.3725453257360566,0.9704143534263541
0.321742260267768,0.8319382506604835,0.6770272967915099,0.5549420906530393,0.6945711590106343,0.2594521644387494,0.5783098052593485,0.7603071031917801,0.6410386010292602,1.0776588670012446
0.3380624074124716,0.2572539578988362,0.5273274501925789,0.924379900528273,0.7256499156344717,0.5495661474676687,0.7477501181033578,0.9106130018436285,0.3276654812601322,1.29835970927978
0.014869392208809007,0.4535315806381168,0.46513908224204137,0.8238189141462532,0.5556760135008155,0.3156694389582191,0.87090162634106,0.5420044245931908,0.4552641930580408,0.6392094143231185
0.1662714236477999,0.2826069504422767,0.3645424734110929,0.7811547651545431,0.7426876609830705,0.6126734465510528,0.06867468064632865,0.6425810499061336,0.05847363573063957,0.8071757818896342
0.5519154496388853,0.0075263385313755204,0.06420726398842913,0.1493231039915024,0.32537199104760206,0.833341213984751,0.8454975133801887,0.8487398308136307,0.7154018547375375,0.7192247321852644
0.7374155924227861,0.981377141139666,0.49221985797375445,0.11082483860895376,0.6521718579793211,0.20859364661441027,0.5932372384381925,0.5623879069315405,0.7912697052891072,1.2415382303603004
0.3336452947303855,0.9966042164943748,0.08356028746353339,0.6384484094356724,0.515122266767993,0.02506316192217184,0.8091771335999568,0.06714270049321092,0.07534521413019046,0.41705668891005643
0.014147255057466612,0.6458734809334565,0.25239596241713547,0.5055993195817583,0.5927019585820077,0.18902438584299053,0.6277435358867043,0.2001122621578636,0.8148328357476328,0.28943570707448507
0.2479325794199787,0.7372048798617343,0.8138713420903595,0.8963755128596925,0.8533735471969585,0.2736440394137013,0.9237238618151592,0.59181112430488,0.1866120736836515,1.3229299203597913
0.15672962190159212,0.329396442125392,0.05849739581889224,0.10119960196570954,0.31925650673741823,0.30043725072814476,0.6201103137638908,0.11434567235005522,0.4109951512620855,0.17179901287096444
0.4348861995334381,0.4918065054430476,0.23293818470405558,0.726086789904112,0.288183242199599,0.08135389061377551,0.7628276848147769,0.8933400159709433,0.6766262476561188,0.7156398903570168
0.5133873712655864,0.4818087615542259,0.470548282071254,0.8166556096463844,0.41832529612952085,0.3618493330024257,0.408775113811067,0.8925141477342906,0.5401910100215216,1.062281176385295
0.872680164012804,0.2210747190929322,0.13589395523185221,0.6105517353130472,0.37910148545554256,0.9917579531324524,0.21295171451672745,0.029813786683820287,0.8111661057934797,0.7667393104685265
0.3885698374835266,0.9072369997747309,0.0047759706403521784,0.9838699386132473,0.7282601849011826,0.1985142987254488,0.1916794936753632,0.8437461221844847,0.8074768651005266,0.5654024399634725
0.4981716656609041,0.25975679938975094,0.9191653411964665,0.019760551103829238,0.45015969824349567,0.6689691310818556,0.6203668914685383,0.021055442332653884,0.22592463520960804,0.5941363319220099
0.9764128794495853,0.7045399694654465,0.5190060130471414,0.19037715125170762,0.8719074174078042,0.08657989316412962,0.5364939841831514,0.25131604021398557,0.7374593023296184,1.0270058321069162
0.02786076825453876,0.6013912608103155,0.5552102661009134,0.2764537602634032,0.8394947423245229,0.619327815929578,0.6656544470429006,0.60091585299272,0.900942829934431,1.011107649414595
0.5343424137109619,0.07270276553049126,0.30782957654986143,0.24487832156099243,0.041205367953681904,0.11981064247978324,0.9297189826433927,0.20628903446958535,0.10273167619907697,0.22543665215172873
0.8088859551213586,0.24127789246307652,0.8991656476840597,0.6838731160291405,0.1661232577098909,0.09262699614232606,0.5213011501516819,0.5130054953265412,0.3678610249189671,1.0724277140394534
0.5093132042369299,0.13757705814300047,0.8494128113327687,0.7400218380407939,0.26723852590605746,0.07158507446357676,0.27591410641735803,0.8839012143050686,0.4226132738909707,0.8676929688430899
0.17936684265465253,0.44756284297710647,0.5570290491043277,0.11627755881937507,0.18367578653715577,0.20622817002783067,0.8992009682877192,0.9945157403863869,0.6249818761719823,0.4151241770198055
0.5609160567244025,0.3940724905995404,0.12307773882324147,0.904512150515643,0.7558998047070052,0.19169023119245265,0.396705519306384,0.4254296394568621,0.0070527387813520415,0.5720978632367757
0.7949346391162246,0.687261405636171,0.623715160832034,0.198280437334187,0.2654298387369526,0.23886034781709853,0.6752611900530808,0.31097629731691234,0.7338729602983635,1.0096605749336265
0.5658189782430003,0.6363830978137794,0.9836428565804108,0.8732599541956887,0.2729290036310512,0.44698464163541896,0.3825727004234414,0.6154695731244584,0.8550109241240832,1.8502028416433816
0.2728334354470334,0.8830787601121098,0.14630928288810763,0.27506535989915304,0.8626161488617627,0.38313303118879527,0.9410242072847612,0.039853489611119564,0.7073302271233132,0.6615569124558549
0.5403565578829135,0.5700432182482927,0.6738392118961043,0.6289433291776589,0.9702749516573639,0.12093125248417846,0.910627710405373,0.6850163730973396,0.4710326914561018,1.224625109556383
0.7526473625745144,0.06743360567636691,0.8135142911632399,0.8039809977136361,0.9994324560739141,0.20524016093066322,0.6846602689262606,0.5819370371176932,0.8394324341799035,1.34996060907427
0.5380869303917333,0.35083559603963554,0.15671904908332135,0.9373148960744933,0.03426550679736462,0.25261618600340896,0.33551012163163796,0.4374790670395653,0.2998059196144587,0.4351800926393093
0.6066992542353091,0.0390931252768526,0.5001618892994143,0.5554679815019267,0.09521369375570554,0.9391960581697082,0.953434939420959,0.6774113226647024,0.9878278281984201,1.2468456125893512
0.7310451598115941,0.5929333193853527,0.4285906848059897,0.9530771938270646,0.8687301461077539,0.3165505718715883,0.5820966905459791,0.5381726508782885,0.06717054106189613,1.355064568885154
0.23920735324624298,0.15542045482543132,0.20059701706619082,0.9467383323535401,0.9038524929130448,0.19200591829673574,0.9061342933499463,0.35912980459557964,0.7042225410428041,0.505602150330719
0.2887553156674767,0.1916857190419493,0.2027484247153829,0.22830452945775237,0.8336535552370435,0.8059308529522509,0.10049330288158476,0.7445698261332703,0.8906222647765507,0.9406404402364326
0.8655867022861378,0.5873949765385443,0.4186231155109209,0.49318529421230217,0.9480319765353078,0.5670282236721802,0.3840562753010418,0.9371167770927105,0.7658906391823338,1.7457907359379154
0.5038611965515558,0.401405688716436,0.14625764292482846,0.13372381395685806,0.17812536362677045,0.1860070581691351,0.2577321965897148,0.2665759875842577,0.3774348895854689,0.29982944585233706
0.7720686773977008,0.30355429830153813,0.19741484873966497,0.886111268070183,0.2741533395898792,0.7996107327546661,0.8039126704273155,0.8221553585556575,0.12637166641349684,1.158752572227884
0.6966696451526269,0.5201917031151144,0.8732903023452845,0.9652293563369285,0.4881508073642684,0.1883725273335063,0.44426357983493026,0.29554620188450276,0.4341392488113808,1.460172019699697
0.7867906534575471,0.23932855874907577,0.1323475723383044,0.22947796988299796,0.6643123771302566,0.5668348051335027,0.42405168486377454,0.7321587408141751,0.21942484259410688,0.8559661513199487
0.16884065817330873,0.08084689268124168,0.4933042841672446,0.9331881054361352,0.5517701310715784,0.045751117583715306,0.830961161357529,0.5716358068556702,0.481069167847062,0.590297910566324
0.40722849591793453,0.21499269110511776,0.45518744766919206,0.5820006733052855,0.97238404089794,0.044486682700158875,0.5487550181418698,0.5410636026868159,0.007993393218560185,0.5168013254448105
0.5540223073430105,0.24946585912621988,0.8481752930578006,0.04247415452593484,0.6102140734877142,0.9944841823197914,0.2582256119559211,0.643046553102094,0.5148110218162479,1.3073209386660296
0.2683682715085357,0.5767601614983006,0.41550302389443994,0.13327429524029666,0.13415680358885684,0.9367543912932029,0.779720299177444,0.6110268540735554,0.8045455971484442,0.776839364472478
0.547546277095917,0.16225734189658025,0.7623248095801295,0.9954592079391495,0.9924519438813829,0.18102774172089753,0.17413407990474572,0.2129720325736436,0.6415639763998172,1.1362111922690814
0.34118782304436956,0.08380270725659689,0.1860875606052167,0.9622382672365081,0.42066001374831963,0.6942871926140077,0.07821113932339852,0.04370288332407102,0.8375975546484983,0.6090941977261095
0.9954836154808787,0.8602042737226183,0.044258652468693205,0.40005710602411126,0.46143204744346755,0.16185750739301952,0.3244093710499504,0.4121667610832538,0.8366272625958936,1.0878116194532474
0.5406446542523722,0.6694963736190656,0.1438247918450366,0.041258695956625346,0.5244045307608229,0.6604212518719719,0.377684264236715,0.287571526238683,0.7303236711567279,0.8423113986672516
0.9201474629933492,0.24015520313477,0.28670915329428337,0.5970300429089711,0.41881731292027347,0.507071258911945,0.8576105011731378,0.29939499486709786,0.5905747498365623,0.9266423339321079
0.4250026036255604,0.6493075432662316,0.577855270436843,0.7464091184088232,0.6040860824964678,0.14136130821885895,0.6623193702217992,0.4719465439438305,0.8762503905386158,0.9970929904432269
0.6691708983108721,0.1738962318876045,0.730849487275248,0.4700916804091877,0.36152533869991743,0.11239987239949234,0.9491999511699208,0.7909229672902399,0.19649621593284994,1.0190856792935805
0.571633518714356,0.8349159285165584,0.4491043156449326,0.5671333044781167,0.8764206330452744,0.9964988156609377,0.1913052768866511,0.5037700389264046,0.4645209708528677,1.8682985614061551
0.01944927791631057,0.20698905291157943,0.6140269218349039,0.7633133043520964,0.18652736331684416,0.14470415888967492,0.6675962370876638,0.3064321479590134,0.3658436547917846,0.5361968192443012
0.7269754235775115,0.592173204988494,0.6823851631095303,0.3793274595469933,0.8799109383546694,0.16238820831867218,0.6108648427866048,0.5553864266467956,0.056544392287113165,1.0851337902198468
0.2854471777818268,0.7648723988519299,0.35409336161375315,0.7588713929308485,0.1552790785663033,0.6269486784741931,0.4610244486448347,0.25441867761168224,0.23254521332849676,0.6694996820875587
0.2689600924910426,0.3874377592673557,0.7291475785271776,0.08218217863030364,0.3812368134669778,0.8185514592152603,0.3609112173125594,0.2761119080684744,0.13259740351922067,0.5821326349426401
0.04090104264131822,0.3984869038531734,0.14140925795796222,0.5209025337756017,0.6604271407859457,0.5097289363535903,0.813915206987174,0.8359723297578372,0.9076852065331675,0.5198536015308892
0.7916337605533842,0.7768240394147826,0.7780043826795321,0.5085715929583008,0.6052139349212315,0.6859987034791548,0.9889352441962633,0.08553070520200157,0.8729926133036429,1.9586917345837722
0.6580603339444824,0.01115109778440615,0.4909702493337609,0.03514439911492029,0.9617644372663386,0.9587495619488142,0.8881973800925708,0.08483291290499428,0.45267164068806853,1.2093484248511126
0.7024769853820135,0.4628723362697681,0.31091189858313817,0.005215218141324529,0.3372373915513385,0.2524329101370958,0.5918145820948721,0.015643949472013752,0.9581284726034437,0.4936103416852401
0.025370200642584217,0.5311771773060817,0.8476334032353172,0.3553741471033678,0.39002124327762444,0.16421239434298163,0.22826159918806177,0.3222385879348514,0.3200405553019636,0.4251625452643775
0.8280863536925405,0.25326892955091074,0.6194029995618446,0.40574537416031853,0.027666907190143197,0.6125043508673668,0.5615100525177995,0.3191763004904744,0.0012762648712126845,0.6268889625644627
0.46781972351587364,0.7204541652910248,0.4891648161187647,0.26385105788017804,0.8935014475422081,0.6580708239497918,0.6699477405732447,0.9103761879633742,0.3837214397051283,1.462943782987413
0.6053422732222933,0.7202200921477891,0.11404351946495517,0.19452556479828875,0.7954469244850275,0.32705529671312594,0.6166158317419124,0.26530910288855303,0.11300337932587434,0.8215642771077182
0.6826426479676313,0.38690126465783725,0.4789304978345047,0.8037971225135978,0.6019680824253871,0.16277551521239664,0.06139002542780703,0.5361747833831572,0.14198997728398444,0.780602919436093
0.03947888524055987,0.06257143078451133,0.059332796259972787,0.6310059454758569,0.9055825672414739,0.1296631502265,0.004675711877944022,0.19834549359765963,0.037167203703400875,0.15765283656944168
0.0851681756555267,0.5935016419919465,0.8055329353788936,0.40653799878417807,0.6524656635020798,0.1841925076875255,0.51134993487906,0.7503271554564477,0.8751000688000997,0.6607251274996542
0.018442745277479133,0.6695294256894703,0.6793112605159267,0.03780212053094867,0.9110715248015232,0.9613225551164036,0.18607499295673435,0.5872416385257423,0.061421274496122336,0.9559866092076084
0.3967930069218132,0.44304273728208854,0.34988667643357074,0.7783133025677916,0.04785676616303114,0.6397006681639171,0.08634236978918575,0.7954868717446889,0.1356285667222591,0.5363418962253019
0.5091158456974744,0.8273260520733302,0.5518680084262473,0.5769800512768626,0.46729673839060126,0.9899606347128956,0.5595285647306771,0.5660551012807362,0.8907378702264521,1.8501109028353369
0.371764022265305,0.9468896212191759,0.9979334088240102,0.17315009007472604,0.8597705193974572,0.08470088148441035,0.5246016046996083,0.38124030980824564,0.7967051787345973,0.7393297848500059
0.5571773931372339,0.6933566418428941,0.8819737235333696,0.837088636016237,0.9644995412700752,0.04532166576589014,0.1375303188337066,0.05051345764053605,0.6466350825091595,1.1980439708300297
0.9469230449112028,0.9342613490293121,0.07567006101061124,0.6084882936356673,0.05544739939715004,0.22334743337933483,0.7936186300879777,0.9470422890304114,0.49478861196290147,1.663162536723611
0.778896514843271,0.7947557739778395,0.4551189751231476,0.14793365419505466,0.6186744491383045,0.8266948268582692,0.9511413702583313,0.99934175097542,0.07833168862863249,1.9676397901542524
0.2762086029238634,0.3247724085913407,0.5890075686207323,0.3522385019189792,0.07120244614131599,0.7045875489904458,0.36168895923349753,0.69465050438054,0.49654416370371235,0.6228106340696246
0.7293249736058117,0.6501523898891792,0.7219880789234292,0.17499489085380437,0.8123039362794636,0.493101908570996,0.8529969106654105,0.023773449355161347,0.9336651870419443,1.3482525654087434
0.8099581005222595,0.19391275724782464,0.6042771125685165,0.84753672931839,0.6233927479131955,0.7349163765151054,0.024053674000832248,0.49706522889389726,0.41534867742443526,1.3214873538615963
0.6238763278857065,0.6581456775352682,0.954625430141799,0.5167045868428987,0.614434420398517,0.5621865839494257,0.7032470851055886,0.44932800387911287,0.3449943865373566,1.6315762105429286
0.4534118105901358,0.8025503487198561,0.29476962071134705,0.9168336711916574,0.6584821583485815,0.42560141407301433,0.6648485707425662,0.6699448238055924,0.7689458024298669,1.2128140644181742
0.6281875069674794,0.8619702692651333,0.0012479698239301618,0.9013456496939521,0.9623979524162909,0.23958212431827586,0.5509322671729537,0.8469835349998628,0.6515093222898363,1.0665034358310537
0.522961534136418,0.36548225706043025,0.4904078689626018,0.05083108297793548,0.4297872546257022,0.5013157067435737,0.7295842443220775,0.510292414952158,0.5467008899520126,0.7606254469762411
0.5697442089339825,0.7482715000808571,0.5418481207474399,0.5129733923120502,0.0776332868477676,0.829428245554838,0.5326031414662457,0.04359904300551387,0.0493675104323672,0.8040852371584334
0.47102602298041507,0.6828361385873521,0.7708336710954863,0.20709818581567152,0.5024688186435852,0.6709484686419426,0.9064234901144799,0.6529334437475407,0.28476222255984507,1.244447924841728
0.6935811907277749,0.2960094223289572,0.6697754909189294,0.35420968315720247,0.8466004775797922,0.179669761322913,0.9152990623133258,0.38785987227845886,0.4318603880881201,0.8928521439893885
0.5406603713755213,0.44444807316133295,0.9283701942407045,0.7811261601564351,0.9602563583963293,0.99790559047892,0.15267665650910145,0.5016022585274392,0.8387046605354386,2.7421179048052657
0.5900216075710307,0.9538807078269128,0.45782853951313984,0.056866789914826854,0.06757304717889479,0.3487379273115283,0.5686224766767037,0.9929707039292391,0.6312562892251689,1.046339727298249
0.6844392390680534,0.4705391313675671,0.11668107650693704,0.47124701086950704,0.9325704802857236,0.17511292392899946,0.985318339356732,0.8018119806601708,0.36912255654562387,1.088622653886709
0.12078824562437307,0.5961361868586316,0.7110782282660981,0.8458618326902807,0.3129437408914494,0.43689179379759935,0.5005740032595322,0.7324412118295418,0.5639230981306241,1.0296793987703243
0.593170506450429,0.3904453472878776,0.15044880215313128,0.22053795018005595,0.9030025103349448,0.5504385610271921,0.03655542152211644,0.7969776201563913,0.25485316833397864,0.8002141895751118
0.5603626687614272,0.16399846607898327,0.4512765582128879,0.1099473787537103,0.7460804610675553,0.4085926328012167,0.8548695041619635,0.4829850972220965,0.3649814798137092,0.7450242900280006
0.4322911460214308,0.2618856251259428,0.31316855464740023,0.5612881006301333,0.3843956973776578,0.06932359108142505,0.390406054493611,0.9972854870291948,0.03601195075739039,0.4847290835460722
0.3076287219055437,0.5686125448446441,0.8495989582446117,0.6665880290766363,0.19856816277367362,0.32844828266609016,0.7473995224205656,0.1255219206327871,0.44956598169031525,0.9607846942944052
0.7654373395526651,0.03434155012951712,0.2616709186888312,0.10098478234793773,0.2997738582506748,0.46160041861938206,0.700839497793002,0.3654660884108779,0.19715302347829788,0.4109542417778822
0.5838368104315866,0.08517707767805416,0.3883733484746168,0.6326999956061166,0.7987478677419699,0.38676844399973065,0.027354194354769934,0.16103225881839678,0.5162094654236866,0.6844956570951424
0.6590785993703497,0.8796455491391697,0.7462624818917081,0.2951244785561371,0.6845365670609064,0.5047027133846372,0.41824689154551864,0.04597480638964446,0.3026778170514105,1.2721574335118262
0.5778230228674899,0.7954013864051418,0.9813086325646302,0.10193997050084291,0.39560770614774476,0.18655042211172224,0.44167334010613535,0.7458631364329407,0.9221172153925788,0.9925936359742079
0.7931150380941673,0.12998922775146293,0.2876858490209797,0.09592354800953151,0.24628909643995778,0.31820920230472727,0.1027131788706227,0.11911091833479426,0.13834861975994883,0.23143191742343747
0.45887149531172855,0.47653600182505584,0.9238687543418472,0.0108524366556495,0.5128674658204249,0.16392898351302543,0.13980690429159326,0.9516869411263467,0.1813488638356714,0.40128789303273105
0.2215613728373509,0.6502786271692628,0.7931094638523289,0.2185860256755392,0.010989900693705645,0.36542012361910425,0.43292782202015057,0.7725984986604015,0.8865346320102326,0.6524967479991415
0.3098160389479587,0.12724313687920796,0.8596547042060637,0.5197489535214423,0.11179070211775599,0.7199296613163906,0.9824225959336255,0.021775758965169145,0.5479245603211876,0.9124414689136628
0.03532499526017652,0.050032222066639265,0.9921768118349084,0.5069255708156943,0.4643958781958124,0.34684743527446105,0.0416043791202485,0.10037177828927835,0.2524254180292206,0.7528173822403204
0.5341827895917797,0.8868418754484874,0.7900061352474587,0.21554647520083736,0.0028711325369353835,0.6308976585093145,0.661811446856775,0.8693536807194409,0.5213325786403632,1.213010156707072
0.7873380139925961,0.5271862954354557,0.8736288471010532,0.6794096801479066,0.05601073185398431,0.19370763667449487,0.6315450468438994,0.4750264572360928,0.9194369485461077,1.4112723029578564
0.4738843029648355,0.9785810604790864,0.4620046985330337,0.539382977337346,0.6365230002447798,0.8900255071445412,0.011170220309311807,0.26248895206026457,0.5207636430211173,1.4949787459260346
0.29303980641572613,0.9378862130398593,0.5235553471141864,0.8906810690735244,0.606055519698541,0.41885923197290864,0.8336362996303565,0.4080295453711845,0.3436739650848052,1.170054077225091
0.7447901540400496,0.04887043652312706,0.5189554794601512,0.6431003193230241,0.8018926872284514,0.2809885782998651,0.5569087553128089,0.8864887906657092,0.3856857128131699,1.0194002085292173
0.2944860323091164,0.9676876361499612,0.04241335150246073,0.038171339149621675,0.7374589923520753,0.41284262705469776,0.5173334459328977,0.5785008906959429,0.9653096323441703,0.6960797337380049
0.08128539474716978,0.9167737580718073,0.853021180278485,0.6447277893948276,0.27988205328626325,0.4677766812393126,0.11370089744890632,0.8804629469070041,0.7597146416972013,1.0666904410974667
0.32715705289185093,0.8501505266122875,0.6360083494477657,0.9016997516025901,0.6874562628875758,0.06896171425209874,0.04716183826891851,0.24156462468365525,0.4592947683087859,0.9229014260733975
0.010075870482113003,0.7302957357857701,0.3034114578304923,0.9802561354373402,0.15026990023370046,0.010340348268821908,0.3367429945910835,0.40388949586997525,0.3996520856870419,0.30895740046484294
0.9286092375512052,0.5350516521441165,0.9640025734878508,0.40207500766527715,0.5748875139691392,0.8071527117422291,0.677649196310005,0.8115243794392519,0.13218612913423056,1.9619999378305346
0.6068681827736757,0.7699881269744535,0.24197567521187568,0.3325897332553901,0.06582219256362232,0.8099156712181727,0.7443698621465927,0.6032730280665296,0.7922619108608476,1.0288569198294508
0.8737055498889397,0.5653307009631766,0.04021331232830072,0.36917658672928755,0.18180927052270568,0.7435857106891889,0.4139831067536812,0.04140545330326628,0.1839201734406245,0.6644450742158118
0.6897969829431028,0.9103510865744548,0.8979447147926298,0.6328429976476694,0.7328703963246924,0.6444975661534164,0.6392740168448872,0.4636113005422321,0.48511844165042683,2.1537362786513428
0.0015131196652866663,0.31608341235824067,0.9916258631460282,0.9787598291743361,0.44553666049736096,0.6222115035253551,0.566950867780342,0.798392255151227,0.8164503797459108,1.7526954966914194
0.6119276569090022,0.036862818618508486,0.763355752844294,0.9260135804220113,0.262306339628087,0.19598596050247608,0.03217464353965949,0.0722468543776782,0.7634800189766885,0.8964879312391574
0.8709549861806303,0.20178186144301746,0.12089373795673641,0.7512196488425462,0.03553982445263115,0.42458159154523,0.5977241580671868,0.0014058724322644212,0.4038251013043217,0.3031101511242661
0.6870506201667825,0.5205554840274296,0.9594019849590438,0.6866153760684415,0.41904516870939745,0.5168053357073231,0.07631038756207797,0.6194138363268427,0.649098006317916,1.587266623356413
0.7890298633117329,0.7046645419195111,0.26965582069984295,0.10244747743345572,0.6157977765834804,0.10160963528040434,0.9259569119025235,0.3524213325414607,0.32369705424601636,0.9125488162314659
0.8254722620487124,0.5285583868277569,0.028376929480624535,0.14572959543215103,0.4363015205818528,0.6630466856561974,0.18738234744889792,0.20754687529526117,0.13701118130937584,0.764414948218924
0.6167805526148887,0.5346853891841661,0.5226326248511084,0.8531287783877995,0.7949525588609848,0.976685739779091,0.7801545459828456,0.7733991329993476,0.01798416625433985,1.9334026952802472
0.7108962156399967,0.17537019266450637,0.049748942395389406,0.8205957273218848,0.7120372084875528,0.7852344501292907,0.5261642349585034,0.17303084608222274,0.25307539260474554,0.7992180767306042
0.6450868046099112,0.053911919791000185,0.08530262910784259,0.581915908408095,0.3078246717026216,0.8730454633313637,0.3340539109870154,0.40188975200505483,0.8971884582893765,0.5065828777585663
0.6380592825884979,0.13569313593340815,0.6801125067360935,0.6419919597997241,0.9602269463022147,0.0392402982861243,0.3769017074898876,0.769665317556811,0.3483415091818164,0.755276543673838
0.19273314349915172,0.9636630384393786,0.4294708550030125,0.04489596052219147,0.7718625717981281,0.2444616522733648,0.17028575210195174,0.9881888171979285,0.9492962514454034,0.5257999926857619
0.1946877457265881,0.928744775362813,0.40880246457220937,0.5757861658223458,0.01945215070518791,0.9285609829323899,0.3151500494032323,0.8054522764473535,0.03949370304862454,0.4986714811358014
0.5939274409501326,0.9047932898319926,0.23343706947939058,0.6453663851004221,0.03499220771125777,0.10588821410281735,0.7310965287840324,0.5824752135622098,0.21208989253737776,0.9499031424050088
0.8803071086053131,0.01783044046549953,0.808476730740801,0.41735245509230245,0.972036280285407,0.4872916964439248,0.7528651393894578,0.02799536341827602,0.37844890136586706,0.9944304601141868
0.7967452173031639,0.20327664767838383,0.19171727834456553,0.5293650966017502,0.12624773806883405,0.3187512876524714,0.6650672365647462,0.8968115161638506,0.48184346785321996,0.8083459610805029
0.5031756895660779,0.12661134545119612,0.6367245429787896,0.21870059005192588,0.9685888239109632,0.6511567472982095,0.5892075134998626,0.8187920117043923,0.24596111043709512,1.1783915263561247
0.8058717582054034,0.6668704570452308,0.48939209225534996,0.1533100428257843,0.8142139550899835,0.5167635744086391,0.4756451870197409,0.25128106871989175,0.577079775139302,1.275458684191961
0.6087941427989678,0.4689310667843062,0.06456254886369883,0.45403738697925955,0.9051676383312636,0.677776127063553,0.8643433119416651,0.31713673282227395,0.38791366731318566,1.1121516254858004
0.37971663504015873,0.9969751269343494,0.28364119151510736,0.8428279033638656,0.3983188615763188,0.2487939665395108,0.03407617542376673,0.46488224681807255,0.6170929332754204,0.766290475300178
0.05299523401835471,0.7802765520575828,0.9877945919707728,0.8267812616178551,0.7168051822969821,0.269906130186523,0.2019634706999981,0.24941901206019157,0.5996912090653392,1.2140654294020694
0.47581978768903,0.7228064427600775,0.9844550901390228,0.13730207799228067,0.210684591378686,0.8910909069306283,0.4203258174147787,0.6227633088047461,0.8160002028638966,1.5072118977038738
